question,answer,count_simple,count_simple_translated,count_simple_long,count_simple_long_translated,count_cases_translated,count_cases_long
"Во время суда Борман утверждала, что она присоединилась к свите СС в 1938 году, «чтобы заработать > денег».","Во время суда Борман утверждала, что она присоединилась к свите СС в 1938 году, «чтобы заработать больше денег».",0,1,0,0,0,0
"υ Ориона (υ Ориона, Upsilon Orionis, υ Orionis, сокращ. ups Ori, υ Ori) — звезда в экваториальном созвездии Ориона, расположенная к югу от Йоты Ориона.","Ипсилон Ориона (υ Ориона, Upsilon Orionis, υ Orionis, сокращ. ups Ori, υ Ori) — звезда в экваториальном созвездии Ориона, расположенная к югу от Йоты Ориона.",0,1,0,0,0,0
"Женская сборная Бразилии по баскетболу 3×3 представляет Бразилию на международных соревнованиях по баскетболу 3×3.","Женская сборная Бразилии по баскетболу 3умножить на3 представляет Бразилию на международных соревнованиях по баскетболу 3умножить на3.",0,0,1,0,0,0
"По состоянию на 11 сентября 2024, женская сборная Бразилии по баскетболу 3×3 занимает 51-е место в мировом рейтинге ФИБА женских сборных по баскетболу 3×3.","По состоянию на 11 сентября 2024, женская сборная Бразилии по баскетболу 3умножить на3 занимает 51-е место в мировом рейтинге ФИБА женских сборных по баскетболу 3умножить на3.",0,0,1,0,0,0
"Карл фон Бэр сформулировал закон в 1828 году, и он звучит следующим образом: «Чем более ранние стадии индивидуального развития сравниваются, тем > сходства удается обнаружить».","Карл фон Бэр сформулировал закон в 1828 году, и он звучит следующим образом: «Чем более ранние стадии индивидуального развития сравниваются, тем больше сходства удается обнаружить».",0,1,0,0,0,0
"Стабильная популяция ∃ на территории североперуанского национального парка Рио-Абисео.","Стабильная популяция существует на территории североперуанского национального парка Рио-Абисео.",0,1,0,0,0,0
"Гимнофтальмиды являются небольшими ящерицами, взрослые особи имеют длину < чем 60-миллиметров.","Гимнофтальмиды являются небольшими ящерицами, взрослые особи имеют длину меньше чем 60-миллиметров.",0,1,0,0,0,0
"Флавия Тавр Селевк Кир (лат. Flavius Taurus Seleucus Cyrus), > известный как Кир Панопольский (греч. Κύρος ὁ Πανοπολίτης), был влиятельным лицом в Восточной Римской империи, эпическим поэтом, философом и любителем греческого искусства.","Флавия Тавр Селевк Кир (лат. Flavius Taurus Seleucus Cyrus), больше известный как Кир Панопольский (греч. Κύρος ὁ Πανοπολίτης), был влиятельным лицом в Восточной Римской империи, эпическим поэтом, философом и любителем греческого искусства.",0,1,0,0,0,0
"∃ версия, что сабатиновцы принимали участие в разгроме Микенской Греции.","Существует версия, что сабатиновцы принимали участие в разгроме Микенской Греции.",0,1,0,0,0,0
"«Ёжик + черепаха» — советский кукольный мультфильм 1981 года по мотивам сказки Редьярда Киплинга «Откуда взялись броненосцы».","«Ёжик плюс черепаха» — советский кукольный мультфильм 1981 года по мотивам сказки Редьярда Киплинга «Откуда взялись броненосцы».",0,1,0,0,0,0
"π Ориона (π Ориона, Pi Orionis, π Orionis , сокращ. Pi Ori, π Ori) — группа довольно компактных звёзд в северном созвездии Ориона, где они образуют астеризм Щит Ориона, или Лук Ориона.","Пи Ориона (π Ориона, Pi Orionis, π Orionis , сокращ. Pi Ori, π Ori) — группа довольно компактных звёзд в северном созвездии Ориона, где они образуют астеризм Щит Ориона, или Лук Ориона.",0,1,0,0,0,0
"В профессиональном рестлинге Пуш (англ. Push) (рус. Продвижение) — это попытка букера заставить рестлера выиграть > матчей и стать более популярным или более оскорбленным фанатами в зависимости от того, кем он является героическим персонажем («фейсом») или злодеем («хил»).","В профессиональном рестлинге Пуш (англ. Push) (рус. Продвижение) — это попытка букера заставить рестлера выиграть больше матчей и стать более популярным или более оскорбленным фанатами в зависимости от того, кем он является героическим персонажем («фейсом») или злодеем («хил»).",0,1,0,0,0,0
"(6144) Кондодзиро (лат. Kondojiro) — небольшой астероид, который ∈ к тёмному спектральному классу D.","(6144) Кондодзиро (лат. Kondojiro) — небольшой астероид, который принадлежит к тёмному спектральному классу D.",0,1,0,0,0,0
"Международная ассоциация филателистических экспертов (АИЕП, от фр. Association internationale des experts en philatélie — AIEP) — учреждённое в 1954 году некоммерческое добровольное ∪ филателистических экспертов из разных государств мира.","Международная ассоциация филателистических экспертов (АИЕП, от фр. Association internationale des experts en philatélie — AIEP) — учреждённое в 1954 году некоммерческое добровольное объединение филателистических экспертов из разных государств мира.",0,1,0,0,0,0
"Список мечетей Казахстана с внутренней вместимостью > 500 человек на август 2022 года по данным Комитета по делам религии Министерства общественного развития Казахстана.","Список мечетей Казахстана с внутренней вместимостью больше 500 человек на август 2022 года по данным Комитета по делам религии Министерства общественного развития Казахстана.",0,1,0,0,0,0
"Изначально термином «сателлитная ДНК» обозначали ту часть эукариотического генома, которая отделялась при градиентном ультрацентрифугировании и, ⇒, по плотности и по содержанию пар АТ/ГЦ должна была отличаться от основной массы ДНК.","Изначально термином «сателлитная ДНК» обозначали ту часть эукариотического генома, которая отделялась при градиентном ультрацентрифугировании и, следовательно, по плотности и по содержанию пар АТ/ГЦ должна была отличаться от основной массы ДНК.",0,1,0,0,0,0
"Val × Love (яп. 戦×恋 (ヴァルラヴ) икуса × кой (варураву)) — манга Рёсукэ Асакуры, выходящая с декабря 2015 года в журнале Monthly Shonen Gangan издательства Square Enix.","Val умножить на Love (яп. 戦умножить на恋 (ヴァルラヴ) икуса умножить на кой (варураву)) — манга Рёсукэ Асакуры, выходящая с декабря 2015 года в журнале Monthly Shonen Gangan издательства Square Enix.",0,0,1,0,0,0
"Латинская буква R произошла от греческой ρ (ρ).","Латинская буква R произошла от греческой ро (ρ).",0,1,0,0,0,0
"Адрес: Ростовская область, г. Константиновск, ∩ Комсомольской и Коммунистической.","Адрес: Ростовская область, г. Константиновск, пересечение Комсомольской и Коммунистической.",0,1,0,0,0,0
"Зеленогорская рукопись целиком написана зелёными чернилами (что для средневековья абсолютно нехарактерно) и ∋ четыре пергаментных листа, основную часть которых занимает неоконченная поэма «Суд Либуши» (120 стихов) — о том, как княжна Либуше созвала суд, чтобы рассудить спор двух братьев, Хрудоша и Стяглава, по поводу наследства.","Зеленогорская рукопись целиком написана зелёными чернилами (что для средневековья абсолютно нехарактерно) и содержит четыре пергаментных листа, основную часть которых занимает неоконченная поэма «Суд Либуши» (120 стихов) — о том, как княжна Либуше созвала суд, чтобы рассудить спор двух братьев, Хрудоша и Стяглава, по поводу наследства.",0,1,0,0,0,0
"Термином «партнёрский маркетинг» также обозначают целую отрасль, в которой ∃ ряд специализированных компаний и профессионалов-одиночек, реализующих эту форму интернет-маркетинга во всем её многообразии.","Термином «партнёрский маркетинг» также обозначают целую отрасль, в которой существует ряд специализированных компаний и профессионалов-одиночек, реализующих эту форму интернет-маркетинга во всем её многообразии.",0,1,0,0,0,0
"> всего медалей по биатлону на зимних Паралимпийских играх 2018 собрала Украина (золотых медалей - 4, серебряных - 5, бронзовых - 5, всего - 14).","Больше всего медалей по биатлону на зимних Паралимпийских играх 2018 собрала Украина (золотых медалей - 4, серебряных - 5, бронзовых - 5, всего - 14).",0,1,0,0,0,0
"Shadow.tech — платформа облачного гейминга, созданная французской компанией Blade (с недавнего времени ∈ OVHcloud).","Shadow.tech — платформа облачного гейминга, созданная французской компанией Blade (с недавнего времени принадлежит OVHcloud).",0,1,0,0,0,0
"По поводу начала периода Чжаньго среди историков ∃ два мнения.","По поводу начала периода Чжаньго среди историков существует два мнения.",0,1,0,0,0,0
"9G-Tronic (код 725) или NAG3 — ® 9-ступенчатых автоматических коробок передач немецкой компании Mercedes-Benz, заменивших в 2013 году модель 7G-Tronic.","9G-Tronic (код 725) или NAG3 — торговая марка 9-ступенчатых автоматических коробок передач немецкой компании Mercedes-Benz, заменивших в 2013 году модель 7G-Tronic.",0,0,0,1,0,0
"В большинстве современных программ персональный счёт участника пополняется за каждый полет ∝ расстоянию и в зависимости от класса перевозки, реже — ∝ стоимости билета.","В большинстве современных программ персональный счёт участника пополняется за каждый полет пропорционально расстоянию и в зависимости от класса перевозки, реже — пропорционально стоимости билета.",0,2,0,0,0,0
'Ассоциация профессиональных директоров АНД (ранее Некоммерческое партнерство содействия профессиональной деятельности "∪ независимых корпоративных директоров") или АНД — профессиональное ∪ независимых корпоративных директоров, созданное в 2002 году.','Ассоциация профессиональных директоров АНД (ранее Некоммерческое партнерство содействия профессиональной деятельности "Объединение независимых корпоративных директоров") или АНД — профессиональное объединение независимых корпоративных директоров, созданное в 2002 году.',0,2,0,0,0,0
"Консульский патент ∋ полное имя консула, его ранг, должность, консульский округ и местонахождение консульства.","Консульский патент содержит полное имя консула, его ранг, должность, консульский округ и местонахождение консульства.",0,1,0,0,0,0
"Изоморфным представлением рассмотренной алгебры паравекторов является известная алгебра комплексных матриц 2×2 – алгебра Паули, повседневно используемая в квантовой механике: базисом этой алгебры служат матрицы Паули.","Изоморфным представлением рассмотренной алгебры паравекторов является известная алгебра комплексных матриц 2умножить на2 – алгебра Паули, повседневно используемая в квантовой механике: базисом этой алгебры служат матрицы Паули.",0,0,1,0,0,0
"Всего официально ∃ 3 вида наград, остальные награды не присутствуют на сайте наград YouTube.","Всего официально существует 3 вида наград, остальные награды не присутствуют на сайте наград YouTube.",0,1,0,0,0,0
"Игра ∈ к семейству манкала, включающему такие игры, как вари или калах.","Игра принадлежит к семейству манкала, включающему такие игры, как вари или калах.",0,1,0,0,0,0
"Хромосома эукариот образуется из единственной и чрезвычайно длинной молекулы ДНК, которая ∋ линейную группу множества генов.","Хромосома эукариот образуется из единственной и чрезвычайно длинной молекулы ДНК, которая содержит линейную группу множества генов.",0,1,0,0,0,0
"Мюзену ∈ четыре сборника упражнений для скрипки, ряд салонных пьес.","Мюзену принадлежит четыре сборника упражнений для скрипки, ряд салонных пьес.",0,1,0,0,0,0
"(443) Фотографика (фр. photographie ) — астероид главного пояса, который ∈ к светлому спектральному классу S.","(443) Фотографика (фр. photographie ) — астероид главного пояса, который принадлежит к светлому спектральному классу S.",0,1,0,0,0,0
"Кругово́й перекрёсток или кольцевое ∩ — перекрёсток, где приближающиеся транспортные средства замедляются и начинают круговое движение вокруг центрального «острова» в направлении против часовой стрелки на дорогах с правосторонним движением либо по часовой стрелке на дорогах с левосторонним движением, до выезда на одном из поворотов (ответвлений) с кругового перекрёстка.","Кругово́й перекрёсток или кольцевое пересечение — перекрёсток, где приближающиеся транспортные средства замедляются и начинают круговое движение вокруг центрального «острова» в направлении против часовой стрелки на дорогах с правосторонним движением либо по часовой стрелке на дорогах с левосторонним движением, до выезда на одном из поворотов (ответвлений) с кругового перекрёстка.",0,1,0,0,0,0
"В настоящее время ∃ большое количество дву- и многоязычных переводных словарей.","В настоящее время существует большое количество дву- и многоязычных переводных словарей.",0,1,0,0,0,0
"Пруннеру ∈ ряд транскрипций для контрабаса, в том числе сочинений Иоганна Себастьяна Баха и Людвига ван Бетховена.","Пруннеру принадлежит ряд транскрипций для контрабаса, в том числе сочинений Иоганна Себастьяна Баха и Людвига ван Бетховена.",0,1,0,0,0,0
"Брезици (серб. Брезици, хорв. Brezici) — населенный пункт (деревня) в общине Дервента, который ∈ энтитету Республике Сербской, Босния и Герцеговина.","Брезици (серб. Брезици, хорв. Brezici) — населенный пункт (деревня) в общине Дервента, который принадлежит энтитету Республике Сербской, Босния и Герцеговина.",0,1,0,0,0,0
"Сперджен 38 лет был пастором церкви «New Park Street Chapel» (рус. «Часовня на улице Нью Парк», позже «Metropolitan Tabernacle» (рус. «Метрополитанская скиния»)) в Лондоне, крупнейшей баптистской церкви в Англии . Он был участником нескольких конфликтов с Баптистским союзом Великобритании и позже покинул это ∪ по причине расхождения в убеждениях.","Сперджен 38 лет был пастором церкви «New Park Street Chapel» (рус. «Часовня на улице Нью Парк», позже «Metropolitan Tabernacle» (рус. «Метрополитанская скиния»)) в Лондоне, крупнейшей баптистской церкви в Англии . Он был участником нескольких конфликтов с Баптистским союзом Великобритании и позже покинул это объединение по причине расхождения в убеждениях.",0,1,0,0,0,0
"Знаком × отмечены виды, имеющие гибридное происхождение.","Знаком умножить на отмечены виды, имеющие гибридное происхождение.",0,0,1,0,0,0
"Γ-коррекция или коррекция гаммы (иногда — Γ) — предыскажения яркости чёрно-белого или цветоделённых составляющих цветного изображения при его записи в телевидении и цифровой фотографии.","Гамма-коррекция или коррекция гаммы (иногда — гамма) — предыскажения яркости чёрно-белого или цветоделённых составляющих цветного изображения при его записи в телевидении и цифровой фотографии.",0,2,0,0,0,0
"За свою карьеру Хэдли сыграл более чем в 100 фильмах, среди них «Сражающийся легион Зорро» (1939), «Банковский сыщик» (1940), «Приключения капитана Марвела» (1941), «Вперёд, путешественник» (1942), «На одном крыле и молитве» (1944), «Бог ей судья» (1945), «Тёмный ∠» (1946), «Капитан из Кастильи» (1947), «Я застрелил Джесси Джеймса» (1949) и «Аризонский барон» (1950).","За свою карьеру Хэдли сыграл более чем в 100 фильмах, среди них «Сражающийся легион Зорро» (1939), «Банковский сыщик» (1940), «Приключения капитана Марвела» (1941), «Вперёд, путешественник» (1942), «На одном крыле и молитве» (1944), «Бог ей судья» (1945), «Тёмный угол» (1946), «Капитан из Кастильи» (1947), «Я застрелил Джесси Джеймса» (1949) и «Аризонский барон» (1950).",0,1,0,0,0,0
"Ручей Β — водоток на Украине, на Приднепровский возвышенности, в пределах Киево-Святошинского района Киевской области и Голосеевского района города Киева.","Ручей Вита — водоток на Украине, на Приднепровский возвышенности, в пределах Киево-Святошинского района Киевской области и Голосеевского района города Киева.",0,1,0,0,0,0
"Хотя ∃ много подобных храмов, четыре из них в четырёх частях штата имеют особое значение из-за того, что по легенде в них укрывались и медитировали основатели буддизма в регионе — Гуру Ринпоче и Лхацун Чембо.","Хотя существует много подобных храмов, четыре из них в четырёх частях штата имеют особое значение из-за того, что по легенде в них укрывались и медитировали основатели буддизма в регионе — Гуру Ринпоче и Лхацун Чембо.",0,1,0,0,0,0
"Обновлённое издание, FTL: Advanced Edition, добавляющее новые корабли, события и другие элементы игрового процесса, было выпущено 3 апреля 2014 года как бесплатное обновление ∀ покупателей, также игра стала доступна на iPad.","Обновлённое издание, FTL: Advanced Edition, добавляющее новые корабли, события и другие элементы игрового процесса, было выпущено 3 апреля 2014 года как бесплатное обновление для всех покупателей, также игра стала доступна на iPad.",0,0,0,1,0,0
"Некоторые из тем, затрагиваемых в его романах, — история медицины и медицинская этика, однако в последнее время он начал > уделять внимания таким темам, как инквизиция и история еврейской культуры.","Некоторые из тем, затрагиваемых в его романах, — история медицины и медицинская этика, однако в последнее время он начал больше уделять внимания таким темам, как инквизиция и история еврейской культуры.",0,1,0,0,0,0
"ν Водолея (лат. ν Aquarii), 13 Водолея (лат. 13 Aquarii), HD 201381 — одиночная звезда в созвездии Водолея на расстоянии приблизительно 159 световых лет (около 49 парсеков) от Солнца.","Ню Водолея (лат. ν Aquarii), 13 Водолея (лат. 13 Aquarii), HD 201381 — одиночная звезда в созвездии Водолея на расстоянии приблизительно 159 световых лет (около 49 парсеков) от Солнца.",0,1,0,0,0,0
"В Дании с 1840-х годов ∃ многопартийная система, в рамках которой две или три основные партии дополняются несколькими другими менее значительными партиями.","В Дании с 1840-х годов существует многопартийная система, в рамках которой две или три основные партии дополняются несколькими другими менее значительными партиями.",0,1,0,0,0,0
"Министерство социальных дел регистрирует и утверждает названия и буквенные символы ∀ партий, участвующих в национальных выборах.","Министерство социальных дел регистрирует и утверждает названия и буквенные символы для всех партий, участвующих в национальных выборах.",0,0,0,1,0,0
"Халуно — озеро в Тверской области России, ∈ бассейну Западной Двины.","Халуно — озеро в Тверской области России, принадлежит бассейну Западной Двины.",0,1,0,0,0,0
"Лабову ∈ трехтомник «Принципы языковых изменений» (Principles of Linguistic Change, vol.I Internal Factors, 1994; vol.II Social Factors, 2001, vol. III: Cognitive and cultural factors, 2010), а также, в соавторстве с Ш. Эш и Ч. Бобергом, диалектологический атлас английского языка в Северной Америке (The Atlas of North American English, 2006).","Лабову принадлежит трехтомник «Принципы языковых изменений» (Principles of Linguistic Change, vol.I Internal Factors, 1994; vol.II Social Factors, 2001, vol. III: Cognitive and cultural factors, 2010), а также, в соавторстве с Ш. Эш и Ч. Бобергом, диалектологический атлас английского языка в Северной Америке (The Atlas of North American English, 2006).",0,1,0,0,0,0
"Упорядоченная группа — группа, ∀ элементов которой определён линейный порядок, согласованный с групповой операцией.","Упорядоченная группа — группа, для всех элементов которой определён линейный порядок, согласованный с групповой операцией.",0,0,0,1,0,0
"Пока β-версии Kingdom Under Fire 2 доступны для игры в Китае и Тайване.","Пока бета-версии Kingdom Under Fire 2 доступны для игры в Китае и Тайване.",0,1,0,0,0,0
"Небиволо́л — кардиоселективный β-адреноблокатор III поколения с дополнительными (вазодилатирующими) свойствами за счёт модулирования высвобождения оксида азота (NO).","Небиволо́л — кардиоселективный бета-адреноблокатор III поколения с дополнительными (вазодилатирующими) свойствами за счёт модулирования высвобождения оксида азота (NO).",0,1,0,0,0,0
"В честь Бюрна назван род Burnatia и сорт вида камнеломка «Saxifraga × burnatii»[прояснить].","В честь Бюрна назван род Burnatia и сорт вида камнеломка «Saxifraga умножить на burnatii»[прояснить].",0,0,1,0,0,0
"Сьюзен ∈ Волшебный Рог.","Сьюзен принадлежит Волшебный Рог.",0,1,0,0,0,0
"Эта статья ∋ дополнительные сведения к материалу, изложенному в статье Эхинацея","Эта статья содержит дополнительные сведения к материалу, изложенному в статье Эхинацея",0,1,0,0,0,0
"Эль-Муэрто (исп. Cerro El Muerto) — гора в Южной Америке, ∈ горной цепи Анд, находится на границе Аргентины и Чили, её высота 6488 метров.","Эль-Муэрто (исп. Cerro El Muerto) — гора в Южной Америке, принадлежит горной цепи Анд, находится на границе Аргентины и Чили, её высота 6488 метров.",0,1,0,0,0,0
"Сухое — небольшое ледниковое озеро на Кольском полуострове, ∈ бассейну Колы.","Сухое — небольшое ледниковое озеро на Кольском полуострове, принадлежит бассейну Колы.",0,1,0,0,0,0
"Рассеянное скопление NGC 6774 (Ruprecht 147), находящееся в созвездии Стрелец на расстоянии около 962 световых лет от Солнца, ∋ около 150 звёзд.","Рассеянное скопление NGC 6774 (Ruprecht 147), находящееся в созвездии Стрелец на расстоянии около 962 световых лет от Солнца, содержит около 150 звёзд.",0,1,0,0,0,0
"Знаком × отмечены виды, имеющие гибридное происхождение.","Знаком умножить на отмечены виды, имеющие гибридное происхождение.",0,0,1,0,0,0
"β Хамелеона (β Cha, β Chamaeleontis) — третья по видимому блеску звезда в созвездии Хамелеона.","Бета Хамелеона (β Cha, β Chamaeleontis) — третья по видимому блеску звезда в созвездии Хамелеона.",0,1,0,0,0,0
"Бендикс сыграл заметные роли второго плана в целой серии фильмов нуар, наиболее значимые среди них — «Стеклянный ключ» (1942), «Синий георгин» (1946), «Тёмный ∠» (1946), «Большой обман» (1949) и «Детективная история» (1951).","Бендикс сыграл заметные роли второго плана в целой серии фильмов нуар, наиболее значимые среди них — «Стеклянный ключ» (1942), «Синий георгин» (1946), «Тёмный угол» (1946), «Большой обман» (1949) и «Детективная история» (1951).",0,1,0,0,0,0
"Женская сборная Великобритании по баскетболу 3×3 представляет Великобританию на международных соревнованиях по баскетболу 3×3.","Женская сборная Великобритании по баскетболу 3умножить на3 представляет Великобританию на международных соревнованиях по баскетболу 3умножить на3.",0,0,1,0,0,0
"По состоянию на 9 сентября 2024, женская сборная Великобритании по баскетболу 3×3 занимает 43-е место в мировом рейтинге ФИБА женских сборных по баскетболу 3×3.","По состоянию на 9 сентября 2024, женская сборная Великобритании по баскетболу 3умножить на3 занимает 43-е место в мировом рейтинге ФИБА женских сборных по баскетболу 3умножить на3.",0,0,1,0,0,0
"Мелизмати́ческое пе́ние (от др.-греч. μέλισμα — песня, напев), также мелизматический распев, мелизматическая структура (Гарднер), мелизматический стиль (от англ. melismatic style), реже мелизматика — способ распева текста, при котором на один его слог приходится много (четыре или >) звуков мелодии.","Мелизмати́ческое пе́ние (от др.-греч. μέλισμα — песня, напев), также мелизматический распев, мелизматическая структура (Гарднер), мелизматический стиль (от англ. melismatic style), реже мелизматика — способ распева текста, при котором на один его слог приходится много (четыре или больше) звуков мелодии.",0,1,0,0,0,0
"Резьбово́е соедине́ние M42×1 — резьбовое крепление объектива к однообъективным зеркальным фотоаппаратам с диаметром резьбы 42 мм и шагом резьбы 1 мм.","Резьбово́е соедине́ние M42умножить на1 — резьбовое крепление объектива к однообъективным зеркальным фотоаппаратам с диаметром резьбы 42 мм и шагом резьбы 1 мм.",0,0,1,0,0,0
"Для стрельбы из M40 применяются винтовочные патроны калибра 7,62×51 мм NATO.","Для стрельбы из M40 применяются винтовочные патроны калибра 7,62умножить на51 мм NATO.",0,0,1,0,0,0
"Немецкое общество внешней политики (нем. Deutsche Gesellschaft für Auswärtige Politik, сокращённо DGAP) — немецкий аналитический центр, независимое ∪ по вопросам внешней политики.","Немецкое общество внешней политики (нем. Deutsche Gesellschaft für Auswärtige Politik, сокращённо DGAP) — немецкий аналитический центр, независимое объединение по вопросам внешней политики.",0,1,0,0,0,0
"FN EVOLYS — единый пулемёт, разработанный компанией FN Herstal, под патроны 5,56×45 мм НАТО и 7,62×51 мм НАТО.","FN EVOLYS — единый пулемёт, разработанный компанией FN Herstal, под патроны 5,56умножить на45 мм НАТО и 7,62умножить на51 мм НАТО.",0,0,1,0,0,0
"Микропористая мембрана ∋ микропоры, через которые происходит перемещение молекул газа из/в кровь.","Микропористая мембрана содержит микропоры, через которые происходит перемещение молекул газа из/в кровь.",0,1,0,0,0,0
"∃ несколько подвидов минора, отличающихся друг от друга звукорядом, типичным набором аккордов и (в меньшей степени) другими ладовым категориями.","Существует несколько подвидов минора, отличающихся друг от друга звукорядом, типичным набором аккордов и (в меньшей степени) другими ладовым категориями.",0,1,0,0,0,0
"∃ два подхода к проблемам химии: вычислительная квантовая химия и невычислительная квантовая химия.","Существует два подхода к проблемам химии: вычислительная квантовая химия и невычислительная квантовая химия.",0,1,0,0,0,0
"Впервые была введена в начале VII века; в сильно изменённом виде ∃ до настоящего времени.","Впервые была введена в начале VII века; в сильно изменённом виде существует до настоящего времени.",0,1,0,0,0,0
"3-й гвардейский механизированный Сталинградский корпус — оперативное войсковое ∪ в составе ВС СССР.","3-й гвардейский механизированный Сталинградский корпус — оперативное войсковое объединение в составе ВС СССР.",0,1,0,0,0,0
"Еврейское кладбище в Изерлоне (нем. Jüdische Friedhof Iserlohn) — кладбище в городе Изерлон, расположенное на улице Dördelweg; имеет площадь около 1850 м² и ∋ одиннадцать надгробных камней; является охраняемым памятником.","Еврейское кладбище в Изерлоне (нем. Jüdische Friedhof Iserlohn) — кладбище в городе Изерлон, расположенное на улице Dördelweg; имеет площадь около 1850 м² и содержит одиннадцать надгробных камней; является охраняемым памятником.",0,1,0,0,0,0
"Постоянная ссылка более лаконична, удобна для восприятия и ∋ только информацию для перехода к нужной странице.","Постоянная ссылка более лаконична, удобна для восприятия и содержит только информацию для перехода к нужной странице.",0,1,0,0,0,0
"1-я гвардейская танковая Краснознамённая армия (сокр. 1 ТА, в/ч 73621) — гвардейское оперативное ∪ в составе Вооружённых сил СССР (1943—1991) и России (1991—1999, 2014 — н. в.).","1-я гвардейская танковая Краснознамённая армия (сокр. 1 ТА, в/ч 73621) — гвардейское оперативное объединение в составе Вооружённых сил СССР (1943—1991) и России (1991—1999, 2014 — н. в.).",0,1,0,0,0,0
"Программа традиционно поддерживает передовую статью декабря 1897 года «Да, Вирджиния, Санта-Клаус ∃», опубликованную в газете New York Sun.","Программа традиционно поддерживает передовую статью декабря 1897 года «Да, Вирджиния, Санта-Клаус существует», опубликованную в газете New York Sun.",0,1,0,0,0,0
"∈ к социологической школе «критического реализма».","Принадлежит к социологической школе «критического реализма».",0,1,0,0,0,0
"Средний тропический год, который усредняется по равноденствиям и солнцестояниям, в настоящее время составляет 365,24219 дней, что немного < средней продолжительности года в большинстве календарей, но это значение меняется со временем, поэтому предложенная Джоном Гершелем поправка к григорианскому календарю может стать ненужной к 4000 году.","Средний тропический год, который усредняется по равноденствиям и солнцестояниям, в настоящее время составляет 365,24219 дней, что немного меньше средней продолжительности года в большинстве календарей, но это значение меняется со временем, поэтому предложенная Джоном Гершелем поправка к григорианскому календарю может стать ненужной к 4000 году.",0,1,0,0,0,0
"Как результат граф Радо ∋ все конечные и счётные бесконечные графы в качестве подграфов.","Как результат граф Радо содержит все конечные и счётные бесконечные графы в качестве подграфов.",0,1,0,0,0,0
"Вну́треннее отраже́ние — явление отражения электромагнитных или звуковых волн от границы раздела двух сред при условии, что волна падает из среды, где скорость её распространения < (в случае световых лучей это соответствует бо́льшему показателю преломления).","Вну́треннее отраже́ние — явление отражения электромагнитных или звуковых волн от границы раздела двух сред при условии, что волна падает из среды, где скорость её распространения меньше (в случае световых лучей это соответствует бо́льшему показателю преломления).",0,1,0,0,0,0
"Неполное внутреннее отражение — внутреннее отражение при условии, что ∠ падения < критического угла.","Неполное внутреннее отражение — внутреннее отражение при условии, что угол падения меньше критического угла.",0,2,0,0,0,0
"И. В. Буркову ∈ приоритет в ряде изобретений медицинского характера (сорбент для очистки крови, насос для нагнетания крови и другие) и патентованных методик лечения различного рода заболеваний (способ лечения лимфостаза нижних конечностей, способ выявления грудного протока, способ хирургического лечения гидроцефалии, усовершенствование методов лечения детей со спаечной болезнью и другие).","И. В. Буркову принадлежит приоритет в ряде изобретений медицинского характера (сорбент для очистки крови, насос для нагнетания крови и другие) и патентованных методик лечения различного рода заболеваний (способ лечения лимфостаза нижних конечностей, способ выявления грудного протока, способ хирургического лечения гидроцефалии, усовершенствование методов лечения детей со спаечной болезнью и другие).",0,1,0,0,0,0
"Вопреки классической традиции, храм был > вытянут в ширину, чем в длину, во время тибериевской перестройки его хотели увеличить, но длина храма была ограничена Табуларием сзади и Комицием спереди, поэтому увеличили его в основном в ширину.","Вопреки классической традиции, храм был больше вытянут в ширину, чем в длину, во время тибериевской перестройки его хотели увеличить, но длина храма была ограничена Табуларием сзади и Комицием спереди, поэтому увеличили его в основном в ширину.",0,1,0,0,0,0
"Следующий список политических идеологий строго алфавитный и пытается разделить идеологии, встречающиеся в практической политической жизни, на несколько групп, причём каждая группа ∋ идеологии, которые связаны друг с другом.","Следующий список политических идеологий строго алфавитный и пытается разделить идеологии, встречающиеся в практической политической жизни, на несколько групп, причём каждая группа содержит идеологии, которые связаны друг с другом.",0,1,0,0,0,0
"В центре ∃ сцена для концертов и представлений, библиотека, лекционная аудитория и конференц-зал.","В центре существует сцена для концертов и представлений, библиотека, лекционная аудитория и конференц-зал.",0,1,0,0,0,0
"У женщин мировой рекорд в беге на 100 м ∈ Флоренс Гриффит-Джойнер; установлен 16 июля 1988 года и составляет 10,49 с.","У женщин мировой рекорд в беге на 100 м принадлежит Флоренс Гриффит-Джойнер; установлен 16 июля 1988 года и составляет 10,49 с.",0,1,0,0,0,0
"Арте́ль — добровольное ∪ людей для совместной работы или иной коллективной деятельности, часто с участием в общих доходах и общей ответственностью на основе круговой поруки.","Арте́ль — добровольное объединение людей для совместной работы или иной коллективной деятельности, часто с участием в общих доходах и общей ответственностью на основе круговой поруки.",0,1,0,0,0,0
"∃ так же схема подключения ldisc, при которой файлами виртуальных устройств заменяется как консоль, так и UART.","Существует так же схема подключения ldisc, при которой файлами виртуальных устройств заменяется как консоль, так и UART.",0,1,0,0,0,0
"Одно из первых упоминаний данного термина было сделано в 1988 году, в книге Database Marketing, которая ∋ детальные рабочие примеры.","Одно из первых упоминаний данного термина было сделано в 1988 году, в книге Database Marketing, которая содержит детальные рабочие примеры.",0,1,0,0,0,0
"Здание ∋ более 12 тыс. квадратных метров площади, большинство из которых занимают ряд галерей, а также частные залы и коммунальное хозяйство.","Здание содержит более 12 тыс. квадратных метров площади, большинство из которых занимают ряд галерей, а также частные залы и коммунальное хозяйство.",0,1,0,0,0,0
"∃ определённое разнообразие форм чашелистиков среди цветковых.","Существует определённое разнообразие форм чашелистиков среди цветковых.",0,1,0,0,0,0
"«Ван Андел Арена», вмещающая 10 834 зрителей для хоккея с шайбой и до 13 184 зрителей для концертов, является четвёртой по величине ареной в Мичигане, а также крупнейшей в Западном Мичигане; > только «Литтл Сизарс-арена» в Детройте, «Центр студенческих мероприятий имени Джека Бреслина» в Ист-Лансинге и «Крайслер-центр» в Анн-Арборе.","«Ван Андел Арена», вмещающая 10 834 зрителей для хоккея с шайбой и до 13 184 зрителей для концертов, является четвёртой по величине ареной в Мичигане, а также крупнейшей в Западном Мичигане; больше только «Литтл Сизарс-арена» в Детройте, «Центр студенческих мероприятий имени Джека Бреслина» в Ист-Лансинге и «Крайслер-центр» в Анн-Арборе.",0,1,0,0,0,0
"«Бубновый валет» — общество художников, русская художественная группа, самое крупное творческое ∪ раннего авангарда, существовавшее с 1911 по 1917 год.","«Бубновый валет» — общество художников, русская художественная группа, самое крупное творческое объединение раннего авангарда, существовавшее с 1911 по 1917 год.",0,1,0,0,0,0
"Общероссийская общественная организация «Творческий союз художников России» (ТСХР) — добровольное общественное ∪ творческих работников в области изобразительного искусства, а также других лиц, занятых в сфере искусства и культуры.","Общероссийская общественная организация «Творческий союз художников России» (ТСХР) — добровольное общественное объединение творческих работников в области изобразительного искусства, а также других лиц, занятых в сфере искусства и культуры.",0,1,0,0,0,0
"Центр считается одним из лучших мест для проведения конференций на всём континенте, несмотря на то, что его возраст >, чем у множества других мест проведения мероприятий по всей Африке.","Центр считается одним из лучших мест для проведения конференций на всём континенте, несмотря на то, что его возраст больше, чем у множества других мест проведения мероприятий по всей Африке.",0,1,0,0,0,0
"Эта статья ∋ список всех песен данной группы каталогизированных по альбомам.","Эта статья содержит список всех песен данной группы каталогизированных по альбомам.",0,1,0,0,0,0
"Общество считает, что русские являются коренными жителями Латвии, будучи потомками древних балтийских славян (венедов, варягов-русь, кривичей), = как латыши являются коренными, будучи потомками различных балтских племён.","Общество считает, что русские являются коренными жителями Латвии, будучи потомками древних балтийских славян (венедов, варягов-русь, кривичей), равно как латыши являются коренными, будучи потомками различных балтских племён.",0,1,0,0,0,0
"По условиям контракта, спутник должен был быть выведен на орбиту с точностью ± 120 км.","По условиям контракта, спутник должен был быть выведен на орбиту с точностью плюс-минус 120 км.",0,1,0,0,0,0
"Знаком × отмечены виды, имеющие гибридное происхождение.","Знаком умножить на отмечены виды, имеющие гибридное происхождение.",0,0,1,0,0,0
"Знаком × отмечены виды, имеющие гибридное происхождение.","Знаком умножить на отмечены виды, имеющие гибридное происхождение.",0,0,1,0,0,0
"Дмитрий Юрьевич Бурдяев (21 февраля 1969, Москва — 17 июня 1995, Будённовск, Ставропольский край) — лейтенант, сотрудник Управления «А» («α») ФСБ Российской Федерации, активный участник специальной операции по освобождению заложников в Будённовске, погиб при исполнении служебных обязанностей.","Дмитрий Юрьевич Бурдяев (21 февраля 1969, Москва — 17 июня 1995, Будённовск, Ставропольский край) — лейтенант, сотрудник Управления «А» («Альфа») ФСБ Российской Федерации, активный участник специальной операции по освобождению заложников в Будённовске, погиб при исполнении служебных обязанностей.",0,1,0,0,0,0
"Смоле́нский вое́нный о́круг — оперативно-стратегическое территориальное ∪ Вооружённых сил СССР, существовавшее в 1945—1946 годах.","Смоле́нский вое́нный о́круг — оперативно-стратегическое территориальное объединение Вооружённых сил СССР, существовавшее в 1945—1946 годах.",0,1,0,0,0,0
"∃ проект по мелиорации окрестных земель, в котором водоём будет играть важную роль.","Существует проект по мелиорации окрестных земель, в котором водоём будет играть важную роль.",0,1,0,0,0,0
"∪ было завершено Объединенным координационным комитетом после 8 месяцев планирования.","Объединение было завершено Объединенным координационным комитетом после 8 месяцев планирования.",0,1,0,0,0,0
"ζ Девы (лат. ζ Virginis), 79 Девы (лат. 79 Virginis), HD 118098 — тройная звезда в созвездии Девы на расстоянии приблизительно 76 световых лет (около 23,3 парсек) от Солнца.","Дзета Девы (лат. ζ Virginis), 79 Девы (лат. 79 Virginis), HD 118098 — тройная звезда в созвездии Девы на расстоянии приблизительно 76 световых лет (около 23,3 парсек) от Солнца.",0,1,0,0,0,0
"Ныне на Голд-стрит расположены муниципальные здания, такие как Министерство жилищного строительства, планирования и развития (Голд-стрит, 100) и 6-е пожарное депо Нью-Йорка (∩ с Бикман-стрит), а также жилые здания, среди которых оформленное в стиле романского возрождения здание 1888 года постройки, принадлежавшее компании Excelsior Power Company.","Ныне на Голд-стрит расположены муниципальные здания, такие как Министерство жилищного строительства, планирования и развития (Голд-стрит, 100) и 6-е пожарное депо Нью-Йорка (пересечение с Бикман-стрит), а также жилые здания, среди которых оформленное в стиле романского возрождения здание 1888 года постройки, принадлежавшее компании Excelsior Power Company.",0,1,0,0,0,0
"Ма́ргарет Де́низ Куи́гли (англ. Margaret Denise Quigley); также Ли Μ Ки (вьет. Lý Mỹ Kỳ, кит. 李美琪), более известна как Мэ́гги Кью (англ. Maggie Q; род. 22 мая 1979, Гонолулу, Гавайи, США) — актриса и модель вьетнамского происхождения.","Ма́ргарет Де́низ Куи́гли (англ. Margaret Denise Quigley); также Ли Ми Ки (вьет. Lý Mỹ Kỳ, кит. 李美琪), более известна как Мэ́гги Кью (англ. Maggie Q; род. 22 мая 1979, Гонолулу, Гавайи, США) — актриса и модель вьетнамского происхождения.",0,1,0,0,0,0
"На́ксос (греч. Νάξος) — остров в Эгейском море, ∈ Греции.","На́ксос (греч. Νάξος) — остров в Эгейском море, принадлежит Греции.",0,1,0,0,0,0
"«Таллиби» ∈ рекордное количество погружений и всплытий (730) в ВМФ США.","«Таллиби» принадлежит рекордное количество погружений и всплытий (730) в ВМФ США.",0,1,0,0,0,0
"Также ∃ 3-х часовая телевизионная версия фильма, которая была впервые показана 22 мая 1996 года.","Также существует 3-х часовая телевизионная версия фильма, которая была впервые показана 22 мая 1996 года.",0,1,0,0,0,0
"5 мая 2023 года глава ВОЗ Тедрос Адханом Гебрейесус объявил, что COVID-19 > не является мировой чрезвычайной угрозой в области здравоохранения, хотя опасность продолжает оставаться серьёзной.","5 мая 2023 года глава ВОЗ Тедрос Адханом Гебрейесус объявил, что COVID-19 больше не является мировой чрезвычайной угрозой в области здравоохранения, хотя опасность продолжает оставаться серьёзной.",0,1,0,0,0,0
"Идея заполнения поля треугольного фронтона скульптурой ∈ древним грекам.","Идея заполнения поля треугольного фронтона скульптурой принадлежит древним грекам.",0,1,0,0,0,0
"∃ множество сайтов, посвящённых Worms.","Существует множество сайтов, посвящённых Worms.",0,1,0,0,0,0
"В городе ∃ футбольная команда, выступающая в Баварской футбольной лиге.","В городе существует футбольная команда, выступающая в Баварской футбольной лиге.",0,1,0,0,0,0
"LINPACK — программная библиотека, написанная на языке Фортран, которая ∋ набор подпрограмм для анализа и решения плотных систем линейных алгебраических уравнений.","LINPACK — программная библиотека, написанная на языке Фортран, которая содержит набор подпрограмм для анализа и решения плотных систем линейных алгебраических уравнений.",0,1,0,0,0,0
"Список фильмов, запрещённых к показу на Украине — данный информационный список ∋ российские фильмы и сериалы, которые запретили власти Украины.","Список фильмов, запрещённых к показу на Украине — данный информационный список содержит российские фильмы и сериалы, которые запретили власти Украины.",0,1,0,0,0,0
"Печать ∋ те же символы, что и флаг Макао.","Печать содержит те же символы, что и флаг Макао.",0,1,0,0,0,0
"С 2009 года реконструкцию и консервацию руин осуществляет гражданское ∪ по спасению замка Бреков, которое с 2009 года является членом объединения Zachráňme hrady (Сохраним замки).","С 2009 года реконструкцию и консервацию руин осуществляет гражданское объединение по спасению замка Бреков, которое с 2009 года является членом объединения Zachráňme hrady (Сохраним замки).",0,1,0,0,0,0
"Всеукраинское ∪ «Национальный совет тюрков-карапапаков Украины» — Всеукраинская общественная организация, которая объединяет все действующие на Украине тюрко-карапапакские организации, тюркоязычные общины и представителей тюркских народов.","Всеукраинское объединение «Национальный совет тюрков-карапапаков Украины» — Всеукраинская общественная организация, которая объединяет все действующие на Украине тюрко-карапапакские организации, тюркоязычные общины и представителей тюркских народов.",0,1,0,0,0,0
"∃ аналогичный термин «руссландферште́ерство» (нем. Russlandversteher; также «понимающие Россию»), образованный от слов «Россия» (Russland) и «понимать» (verstehen).","Существует аналогичный термин «руссландферште́ерство» (нем. Russlandversteher; также «понимающие Россию»), образованный от слов «Россия» (Russland) и «понимать» (verstehen).",0,1,0,0,0,0
"α Микроскопа (Alpha Microscopii, α Microscopii) — звезда в созвездии Микроскопа.","Альфа Микроскопа (Alpha Microscopii, α Microscopii) — звезда в созвездии Микроскопа.",0,1,0,0,0,0
"α Микроскопа является гигантской звездой спектрального класса G7 III на поздней стадии эволюции.","Альфа Микроскопа является гигантской звездой спектрального класса G7 III на поздней стадии эволюции.",0,1,0,0,0,0
"Не ∃ стандартного размера для РПИ — это вопрос удобства администрирования для задействованной страны (или стран).","Не существует стандартного размера для РПИ — это вопрос удобства администрирования для задействованной страны (или стран).",0,1,0,0,0,0
"∃ официальное предложение по стандартизации в языке C++ прикладного программного интерфейса отрисовки двумерной графики на основе библиотеки Cairo.","Существует официальное предложение по стандартизации в языке C++ прикладного программного интерфейса отрисовки двумерной графики на основе библиотеки Cairo.",0,1,0,0,0,0
"В 1818 году Г. Лазэр открыл в Бухаресте первую школу с преподаванием на румынском языке — школу имени Святого Саввы, которая ∃ и поныне, называясь Национальный колледж имени Святого Саввы.","В 1818 году Г. Лазэр открыл в Бухаресте первую школу с преподаванием на румынском языке — школу имени Святого Саввы, которая существует и поныне, называясь Национальный колледж имени Святого Саввы.",0,1,0,0,0,0
"Большой опыт создания зенитных неуправляемых ракет, ∪ разработки ракеты и двигателя в одном коллективе организаций ОКБ-3 НИИ-88 позволили быстро завершить этап наземной отработки и с середины 1950-х годов перейти к практическим испытаниям, которые прошли успешно и подтвердили достижение заданных характеристик комплекса.","Большой опыт создания зенитных неуправляемых ракет, объединение разработки ракеты и двигателя в одном коллективе организаций ОКБ-3 НИИ-88 позволили быстро завершить этап наземной отработки и с середины 1950-х годов перейти к практическим испытаниям, которые прошли успешно и подтвердили достижение заданных характеристик комплекса.",0,1,0,0,0,0
"Эйч π Ба́кстер (нем. H. P. Baxxter), имя при рождении Ханс Пе́тер Ге́рдес (нем. Hans Peter Geerdes; род. 16 марта 1964, Лер, ФРГ) — вокалист и фронтмен немецкой группы Scooter.","Эйч Пи Ба́кстер (нем. H. P. Baxxter), имя при рождении Ханс Пе́тер Ге́рдес (нем. Hans Peter Geerdes; род. 16 марта 1964, Лер, ФРГ) — вокалист и фронтмен немецкой группы Scooter.",0,1,0,0,0,0
"Береговая линия Восточной Малайзии протянулась на 2250 км по северному побережью острова Калимантан, на востоке она расчленена на глубоко врезавшиеся в сушу заливы (Дарвел, Сандакан, Киманис, Лабук, Маруду) и острова, наиболее крупные из которых — Джамбонган, Банги, Лабуан и северная часть Себатика (южная ∈ Индонезии).","Береговая линия Восточной Малайзии протянулась на 2250 км по северному побережью острова Калимантан, на востоке она расчленена на глубоко врезавшиеся в сушу заливы (Дарвел, Сандакан, Киманис, Лабук, Маруду) и острова, наиболее крупные из которых — Джамбонган, Банги, Лабуан и северная часть Себатика (южная принадлежит Индонезии).",0,1,0,0,0,0
"(766) Могунтия (лат. Moguntia) — астероид внешней части главного пояса, который ∈ спектральному классу M.","(766) Могунтия (лат. Moguntia) — астероид внешней части главного пояса, который принадлежит спектральному классу M.",0,1,0,0,0,0
"Дельта-дю-Флёв-Сенегаль, или Δ Сенегала, — трансграничный биосферный резерват, основанный в 2005 году в дельте реки Сенегал на территории Сенегала и Мавритании.","Дельта-дю-Флёв-Сенегаль, или дельта Сенегала, — трансграничный биосферный резерват, основанный в 2005 году в дельте реки Сенегал на территории Сенегала и Мавритании.",0,1,0,0,0,0
"КрАЗ Н23.2 (англ. KrAZ H23.2) — семейство украинских крупнотоннажных грузовых автомобилей АвтоКрАЗ с компоновочной схемой «кабина над двигателем» и колесной формулой 6×4.","КрАЗ Н23.2 (англ. KrAZ H23.2) — семейство украинских крупнотоннажных грузовых автомобилей АвтоКрАЗ с компоновочной схемой «кабина над двигателем» и колесной формулой 6умножить на4.",0,0,1,0,0,0
"Активный борец за ∪ Дунайских княжеств.","Активный борец за объединение Дунайских княжеств.",0,1,0,0,0,0
"Британец Дэвид Гриндли стал автором двух рекордов соревнований, сначала выиграв личный бег на 400 метров с результатом 44,75, а затем финишировав первым на последнем этапе эстафеты 4×400 метров — 3.00,25.","Британец Дэвид Гриндли стал автором двух рекордов соревнований, сначала выиграв личный бег на 400 метров с результатом 44,75, а затем финишировав первым на последнем этапе эстафеты 4умножить на400 метров — 3.00,25.",0,0,1,0,0,0
"Три раза первой становилась россиянка Ирина Привалова, выигравшая индивидуальные дистанции 100 и 200 метров, а также эстафету 4×100 метров.","Три раза первой становилась россиянка Ирина Привалова, выигравшая индивидуальные дистанции 100 и 200 метров, а также эстафету 4умножить на100 метров.",0,0,1,0,0,0
"Scope Group — рейтинговое агентство, занимающееся исследованиями и анализом рисков ∀ групп активов со штаб-квартирой в г. Берлине.","Scope Group — рейтинговое агентство, занимающееся исследованиями и анализом рисков для всех групп активов со штаб-квартирой в г. Берлине.",0,0,0,1,0,0
"Ближайшие населённые пункты: Вирятино, Атманов ∠, Перкино, Семикино.","Ближайшие населённые пункты: Вирятино, Атманов Угол, Перкино, Семикино.",0,1,0,0,0,0
"Игра ∋ 30 популярных рок-песен, датирующиеся начиная от 1960-х годов вплоть до 2005 года, а также бонусные песни.","Игра содержит 30 популярных рок-песен, датирующиеся начиная от 1960-х годов вплоть до 2005 года, а также бонусные песни.",0,1,0,0,0,0
"Обладатель бывшего мирового рекорда по сборке кубика Рубика 3×3×3, решив головоломку за 4,74 секунды в 2016 году, а также является бывшим обладателем мирового рекорда по сборке куба 4×4.","Обладатель бывшего мирового рекорда по сборке кубика Рубика 3умножить на3умножить на3, решив головоломку за 4,74 секунды в 2016 году, а также является бывшим обладателем мирового рекорда по сборке куба 4умножить на4.",0,0,1,0,0,0
"∃ множество FAQ, посвящённых самым разным темам.","Существует множество FAQ, посвящённых самым разным темам.",0,1,0,0,0,0
"Изоли́рованная то́чка в общей топологии — это такая точка множества, что ∩ некоторой её окрестности с множеством состоит только из этой точки.","Изоли́рованная то́чка в общей топологии — это такая точка множества, что пересечение некоторой её окрестности с множеством состоит только из этой точки.",0,1,0,0,0,0
"Несмотря на покой и статичность, присущие ренессансу, произведение > тяготеет к маньеризму.","Несмотря на покой и статичность, присущие ренессансу, произведение больше тяготеет к маньеризму.",0,1,0,0,0,0
"∃ пассажирское движение по маршруту Вохтога — Каменка (прицепной вагон).","Существует пассажирское движение по маршруту Вохтога — Каменка (прицепной вагон).",0,1,0,0,0,0
"4,6×30 мм — пистолетный патрон, созданный в 2001 году в рамках программы «Персональное оружие самообороны».","4,6умножить на30 мм — пистолетный патрон, созданный в 2001 году в рамках программы «Персональное оружие самообороны».",0,0,1,0,0,0
"Статья ∋ полную информацию по дискографии советской и российской певицы Аллы Пугачёвой, которая состоит из 100 сольных пластинок, компакт-кассет, CD и DVD дисков, среди которых:","Статья содержит полную информацию по дискографии советской и российской певицы Аллы Пугачёвой, которая состоит из 100 сольных пластинок, компакт-кассет, CD и DVD дисков, среди которых:",0,1,0,0,0,0
"θ Циркуля (англ. Theta Circini, θ Cir), θ Циркуля — двойная звезда в созвездии Циркуля к северу от Альфы Циркуля.","Тета Циркуля (англ. Theta Circini, θ Cir), θ Циркуля — двойная звезда в созвездии Циркуля к северу от Альфы Циркуля.",0,1,0,0,0,0
"θ Циркуля является астрометрической двойной звёздной системой с орбитальным периодом около 39,6 лет, эксцентриситетом около 0,3 и большой полуосью орбиты 85,64 мсд.","Тета Циркуля является астрометрической двойной звёздной системой с орбитальным периодом около 39,6 лет, эксцентриситетом около 0,3 и большой полуосью орбиты 85,64 мсд.",0,1,0,0,0,0
"Природный висмут, представленный одним изотопом 209Bi, долгое время считался стабильным (нерадиоактивным) элементом, но в 2003 году был экспериментально обнаружен его крайне медленный α-распад.","Природный висмут, представленный одним изотопом 209Bi, долгое время считался стабильным (нерадиоактивным) элементом, но в 2003 году был экспериментально обнаружен его крайне медленный альфа-распад.",0,1,0,0,0,0
"Его роль была значительна в таких издательских проектах, как «Искусство ∀» и руководств по истории и истории искусств для начальных и средних школ.","Его роль была значительна в таких издательских проектах, как «Искусство для всех» и руководств по истории и истории искусств для начальных и средних школ.",0,0,0,1,0,0
"Список экзопланет в созвездии Хамелеона ∋ 5 экзопланет в 5 разных планетных системах, находящихся в соответствующем созвездии.","Список экзопланет в созвездии Хамелеона содержит 5 экзопланет в 5 разных планетных системах, находящихся в соответствующем созвездии.",0,1,0,0,0,0
"Представленная в 1984 году и снятая с производства в 1987 году, Professional Graphics Controller (так же называемая «Professional Graphics Adapter» и иногда «Professional Graphics Array») предлагала несколько большее графическое разрешение и глубину цвета, чем EGA — до 640×480 пикселей и 256 цветов (из палитры в 4096 цветов) при 60 Гц.","Представленная в 1984 году и снятая с производства в 1987 году, Professional Graphics Controller (так же называемая «Professional Graphics Adapter» и иногда «Professional Graphics Array») предлагала несколько большее графическое разрешение и глубину цвета, чем EGA — до 640умножить на480 пикселей и 256 цветов (из палитры в 4096 цветов) при 60 Гц.",0,0,1,0,0,0
"Пунчаны близки к агути но, как правило, гораздо < и имеют заметный хвост.","Пунчаны близки к агути но, как правило, гораздо меньше и имеют заметный хвост.",0,1,0,0,0,0
"Пунчаны < зависят от воды, чем представители рода агути, но их никогда не находили далеко от источника воды.","Пунчаны меньше зависят от воды, чем представители рода агути, но их никогда не находили далеко от источника воды.",0,1,0,0,0,0
"∈ к числу наиболее старинных индонезийских блюд.","Принадлежит к числу наиболее старинных индонезийских блюд.",0,1,0,0,0,0
"Завийява, Алараф, β Девы (лат. β Virginis), 5 Девы (лат. 5 Virginis) — тройная звезда в созвездии Девы на расстоянии приблизительно 36 световых лет (около 11 парсек) от Солнца.","Завийява, Алараф, Бета Девы (лат. β Virginis), 5 Девы (лат. 5 Virginis) — тройная звезда в созвездии Девы на расстоянии приблизительно 36 световых лет (около 11 парсек) от Солнца.",0,1,0,0,0,0
"∃ несколько предварительных рисунков к картине, созданных непосредственно на месте.","Существует несколько предварительных рисунков к картине, созданных непосредственно на месте.",0,1,0,0,0,0
"Женская сборная Австралии по баскетболу 3×3 представляет Австралию на международных соревнованиях по баскетболу 3×3.","Женская сборная Австралии по баскетболу 3умножить на3 представляет Австралию на международных соревнованиях по баскетболу 3умножить на3.",0,0,1,0,0,0
"По состоянию на 26 августа 2024, женская сборная Австралии по баскетболу 3×3 занимает 19-е место в мировом рейтинге ФИБА женских сборных по баскетболу 3×3.","По состоянию на 26 августа 2024, женская сборная Австралии по баскетболу 3умножить на3 занимает 19-е место в мировом рейтинге ФИБА женских сборных по баскетболу 3умножить на3.",0,0,1,0,0,0
"Существуют телескопы ∀ диапазонов электромагнитного излучения:","Существуют телескопы для всех диапазонов электромагнитного излучения:",0,0,0,1,0,0
"Отсутствие пастеризации для пива потенциально опасно, так как из-за частого отсутствия фильтрации продукт ∋ остаточные дрожжи.","Отсутствие пастеризации для пива потенциально опасно, так как из-за частого отсутствия фильтрации продукт содержит остаточные дрожжи.",0,1,0,0,0,0
"Общество осенних салонов, укороченное название Осенний салон (фр. Société du Salon d’automne, также Salon d’automne) — ∪ деятелей искусства во Франции, основанное в 1903 году архитектором Францем Журденом в сотрудничестве с такими художниками, как Жорж Руо, Эдуар Вюйяр, Альбер Марке.","Общество осенних салонов, укороченное название Осенний салон (фр. Société du Salon d’automne, также Salon d’automne) — объединение деятелей искусства во Франции, основанное в 1903 году архитектором Францем Журденом в сотрудничестве с такими художниками, как Жорж Руо, Эдуар Вюйяр, Альбер Марке.",0,1,0,0,0,0
"В Германии ∃ два города с названием Франкфурт: Франкфурт-на-Майне (земля Гессен) и Франкфурт-на-Одере (земля Бранденбург).","В Германии существует два города с названием Франкфурт: Франкфурт-на-Майне (земля Гессен) и Франкфурт-на-Одере (земля Бранденбург).",0,1,0,0,0,0
"20-я гвардейская общевойсковая Краснознамённая армия (сокр. 20 ОА, в/ч 89425) — общевойсковое формирование (∪, армия) Вооружённых сил Российской Федерации в составе Московского военного округа.","20-я гвардейская общевойсковая Краснознамённая армия (сокр. 20 ОА, в/ч 89425) — общевойсковое формирование (объединение, армия) Вооружённых сил Российской Федерации в составе Московского военного округа.",0,1,0,0,0,0
"Кроме точных сведений о подлинных исторических событиях «Великая хроника» ∋ много мифов, легенд, преданий и литературных обработок, в том числе повести о Троянской войне, Александре Македонском («Александрия»), Куликовской битве 1380 года и др.","Кроме точных сведений о подлинных исторических событиях «Великая хроника» содержит много мифов, легенд, преданий и литературных обработок, в том числе повести о Троянской войне, Александре Македонском («Александрия»), Куликовской битве 1380 года и др.",0,1,0,0,0,0
"Когда потребитель опаздывает с платежом, ∃ вероятность, что другие кредиторы, включая тех кредиторов, для которых потребитель не опоздал с оплатой, могут повысить для него процентные ставки.","Когда потребитель опаздывает с платежом, существует вероятность, что другие кредиторы, включая тех кредиторов, для которых потребитель не опоздал с оплатой, могут повысить для него процентные ставки.",0,1,0,0,0,0
"∃ мнение, что фильм «Крик 3» (а, возможно, и вся серия) режиссёра Уэсли Крэйвена также является частью вселенной View Askewniverse.","Существует мнение, что фильм «Крик 3» (а, возможно, и вся серия) режиссёра Уэсли Крэйвена также является частью вселенной View Askewniverse.",0,1,0,0,0,0
"∃ также версия песни, записанная для альбома Sleepless Nights Brooklyn Dreams, на которой уже Донна Саммер выступает в качестве бэк-вокалистки.","Существует также версия песни, записанная для альбома Sleepless Nights Brooklyn Dreams, на которой уже Донна Саммер выступает в качестве бэк-вокалистки.",0,1,0,0,0,0
"Последняя слабая активность вулкана была 16 августа 1997 года, в результате которой поднялись грунтовые воды и произошёл их выброс, который длился чуть > часа.","Последняя слабая активность вулкана была 16 августа 1997 года, в результате которой поднялись грунтовые воды и произошёл их выброс, который длился чуть больше часа.",0,1,0,0,0,0
"Мужская сборная Австрии по баскетболу 3×3 представляет Австрию на международных соревнованиях по баскетболу 3×3.","Мужская сборная Австрии по баскетболу 3умножить на3 представляет Австрию на международных соревнованиях по баскетболу 3умножить на3.",0,0,1,0,0,0
"По состоянию на 6 сентября 2024, мужская сборная Австрии по баскетболу 3×3 занимает 9-е место в мировом рейтинге ФИБА мужских сборных по баскетболу 3×3.","По состоянию на 6 сентября 2024, мужская сборная Австрии по баскетболу 3умножить на3 занимает 9-е место в мировом рейтинге ФИБА мужских сборных по баскетболу 3умножить на3.",0,0,1,0,0,0
"Между тем, особенности ядра Spring применимы в любом Java-приложении, и ∃ множество расширений и усовершенствований для построения веб-приложений на Java Enterprise платформе.","Между тем, особенности ядра Spring применимы в любом Java-приложении, и существует множество расширений и усовершенствований для построения веб-приложений на Java Enterprise платформе.",0,1,0,0,0,0
"Западная зона ПВО — оперативное ∪ войск ПВО СССР накануне и во время Великой Отечественной войны осуществлявшее оборону войск и важных административно-политических и промышленных центров, расположенных в границах Западного особого военного округа.","Западная зона ПВО — оперативное объединение войск ПВО СССР накануне и во время Великой Отечественной войны осуществлявшее оборону войск и важных административно-политических и промышленных центров, расположенных в границах Западного особого военного округа.",0,1,0,0,0,0
"Список начальствующего военно-технического состава Морских сил Рабоче-Крестьянской Красной Армии СССР ∋ фамилии получивших званиеинженер-флагман 3-го ранга, инженер-флагман 2-го ранга, инженер-флагман 1-го ранга, инженер-флагман флота в период с 1935 по 1940 год.","Список начальствующего военно-технического состава Морских сил Рабоче-Крестьянской Красной Армии СССР содержит фамилии получивших званиеинженер-флагман 3-го ранга, инженер-флагман 2-го ранга, инженер-флагман 1-го ранга, инженер-флагман флота в период с 1935 по 1940 год.",0,1,0,0,0,0
"Зо́нтичная организа́ция — тип организации, представляющий собой ∪ учреждений, организаций или других юридических лиц, которые работают вместе в какой-либо отрасли, вместе координируют свою деятельность или распределяют ресурсы.","Зо́нтичная организа́ция — тип организации, представляющий собой объединение учреждений, организаций или других юридических лиц, которые работают вместе в какой-либо отрасли, вместе координируют свою деятельность или распределяют ресурсы.",0,1,0,0,0,0
"Мужская сборная Гонконга по баскетболу 3×3 представляет Гонконг на международных соревнованиях по баскетболу 3×3.","Мужская сборная Гонконга по баскетболу 3умножить на3 представляет Гонконг на международных соревнованиях по баскетболу 3умножить на3.",0,0,1,0,0,0
"По состоянию на 16 августа 2024, мужская сборная Гонконга по баскетболу 3×3 занимает 61-е место в мировом рейтинге ФИБА мужских сборных по баскетболу 3×3.","По состоянию на 16 августа 2024, мужская сборная Гонконга по баскетболу 3умножить на3 занимает 61-е место в мировом рейтинге ФИБА мужских сборных по баскетболу 3умножить на3.",0,0,1,0,0,0
"Кроме оригинальной чёрно-белой версии, ∃ также раскрашенная, сделанная в 1997 году.","Кроме оригинальной чёрно-белой версии, существует также раскрашенная, сделанная в 1997 году.",0,1,0,0,0,0
"Гусман Ситтыкович Косанов (каз. Ғұсман Сыйттықұлы Қосанов) (1935—1990) — заслуженный мастер спорта СССР (1965), советский легкоатлет, серебряный призёр Олимпиады-1960 в Риме (эстафета 4×100 метров), первый призёр Олимпийских игр — уроженец Казахстана и этнический казах.","Гусман Ситтыкович Косанов (каз. Ғұсман Сыйттықұлы Қосанов) (1935—1990) — заслуженный мастер спорта СССР (1965), советский легкоатлет, серебряный призёр Олимпиады-1960 в Риме (эстафета 4умножить на100 метров), первый призёр Олимпийских игр — уроженец Казахстана и этнический казах.",0,0,1,0,0,0
"Четвёртая космическая скорость не постоянна ∀ точек галактики, а зависит от координаты.","Четвёртая космическая скорость не постоянна для всех точек галактики, а зависит от координаты.",0,0,0,1,0,0
"По мнению рецензента Anime News Network, «данное произведение не является столь новаторским и революционным, как „Евангелион“, и его дух > соответствует Gunbuster 2.","По мнению рецензента Anime News Network, «данное произведение не является столь новаторским и революционным, как „Евангелион“, и его дух больше соответствует Gunbuster 2.",0,1,0,0,0,0
"Список начальствующего военно-ветеринарного состава Рабоче-Крестьянской Красной Армии и войск НКВД ∋ фамилии получивших звания бригветврач, дивветврач, корветврач в период с 1935 по 1943 год и присвоенные им после 1943 года звания полковник ветеринарной службы, генерал-майор ветеринарной службы и генерал-лейтенант ветеринарной службы.","Список начальствующего военно-ветеринарного состава Рабоче-Крестьянской Красной Армии и войск НКВД содержит фамилии получивших звания бригветврач, дивветврач, корветврач в период с 1935 по 1943 год и присвоенные им после 1943 года звания полковник ветеринарной службы, генерал-майор ветеринарной службы и генерал-лейтенант ветеринарной службы.",0,1,0,0,0,0
"Кёллингу ∈ оперетта «Бабочки» (нем. Schmetterlinge, либретто Ф. В. Вульфа), поставленная в 1891 г. в Гамбурге, оркестровые сочинения и пользовавшиеся значительной популярностью многочисленные салонные фортепианные пьесы, в общей сложности около 500 произведений.","Кёллингу принадлежит оперетта «Бабочки» (нем. Schmetterlinge, либретто Ф. В. Вульфа), поставленная в 1891 г. в Гамбурге, оркестровые сочинения и пользовавшиеся значительной популярностью многочисленные салонные фортепианные пьесы, в общей сложности около 500 произведений.",0,1,0,0,0,0
"Последнее прижизненное издание сборника де Мельо ∋ 150 песен (3 тома).","Последнее прижизненное издание сборника де Мельо содержит 150 песен (3 тома).",0,1,0,0,0,0
"Большинство скатов живёт в морской воде, однако ∃ и несколько пресноводных видов (моторо и другие).","Большинство скатов живёт в морской воде, однако существует и несколько пресноводных видов (моторо и другие).",0,1,0,0,0,0
"Традиционно название меча толковалось, как «Меч, скашивающий траву», но в XXI веке > распространено толкование «Меч, [разящий] змея» (т.к. в древнеяпонском слово «наги» обозначало «змей»).","Традиционно название меча толковалось, как «Меч, скашивающий траву», но в XXI веке больше распространено толкование «Меч, [разящий] змея» (т.к. в древнеяпонском слово «наги» обозначало «змей»).",0,1,0,0,0,0
"Фактически «Раскол» стал номерным альбомом, многих его композиций не ∃ в студийных версиях, а при подготовке издания звукорежиссёр убрал аплодисменты зрительного зала, приблизив тем самым звучание к студийному.","Фактически «Раскол» стал номерным альбомом, многих его композиций не существует в студийных версиях, а при подготовке издания звукорежиссёр убрал аплодисменты зрительного зала, приблизив тем самым звучание к студийному.",0,1,0,0,0,0
"Гербовое изображение организации ∋ портрет российского и советского учёного В. И. Вернадского.","Гербовое изображение организации содержит портрет российского и советского учёного В. И. Вернадского.",0,1,0,0,0,0
"В Германии ∃ большое разнообразие сортов пива, как распространённых только регионально, так и продающихся по всей стране.","В Германии существует большое разнообразие сортов пива, как распространённых только регионально, так и продающихся по всей стране.",0,1,0,0,0,0
"ТЭ2 (тепловоз с электрической передачей, 2-я модель, прозвища — Бычок, Люська, Монголка, Фердинанд) — советский восьмиосный двухсекционный (тип 2(20—20)) грузопассажирский тепловоз мощностью 2×1000 л.с., выпускавшийся с 1948 по 1955 гг. на Харьковском заводе транспортного машиностроения при участии Харьковского электротехнического завода (ХЭТЗ).","ТЭ2 (тепловоз с электрической передачей, 2-я модель, прозвища — Бычок, Люська, Монголка, Фердинанд) — советский восьмиосный двухсекционный (тип 2(20—20)) грузопассажирский тепловоз мощностью 2умножить на1000 л.с., выпускавшийся с 1948 по 1955 гг. на Харьковском заводе транспортного машиностроения при участии Харьковского электротехнического завода (ХЭТЗ).",0,0,1,0,0,0
"Baal — мини-альбом Дэвида Боуи, вышедший в 1982 году, диск ∋ композиции написанные для одноименной пьесы Бертольта Брехта.","Baal — мини-альбом Дэвида Боуи, вышедший в 1982 году, диск содержит композиции написанные для одноименной пьесы Бертольта Брехта.",0,1,0,0,0,0
"Ему ∈ «Словарь американской лингвистической терминологии» (русский перевод 1964).","Ему принадлежит «Словарь американской лингвистической терминологии» (русский перевод 1964).",0,1,0,0,0,0
"«5×2» (фр. 5×2; также Cinq fois deux) — французский художественный фильм режиссёра Франсуа Озона.","«5умножить на2» (фр. 5умножить на2; также Cinq fois deux) — французский художественный фильм режиссёра Франсуа Озона.",0,0,1,0,0,0
"«Más» (рус. >) — второй сингл с альбома Рики Мартина Música + Alma + Sexo.","«Más» (рус. Больше) — второй сингл с альбома Рики Мартина Música + Alma + Sexo.",0,1,0,0,0,0
"1-я гвардейская танковая Краснознамённая армия (сокр. 1 ТА, в/ч 73621) — гвардейское оперативное ∪ в составе Вооружённых сил СССР (1943—1991) и России (1991—1999, 2014 — н. в.).","1-я гвардейская танковая Краснознамённая армия (сокр. 1 ТА, в/ч 73621) — гвардейское оперативное объединение в составе Вооружённых сил СССР (1943—1991) и России (1991—1999, 2014 — н. в.).",0,1,0,0,0,0
"Месторождение ∋ семь залежей конденсатсодержащего газа.","Месторождение содержит семь залежей конденсатсодержащего газа.",0,1,0,0,0,0
"Церковь ∈ монашескому ордену лазаристов, которые прибыли в Краков в 1682 году по приглашению краковского епископа Яна Малаховского.","Церковь принадлежит монашескому ордену лазаристов, которые прибыли в Краков в 1682 году по приглашению краковского епископа Яна Малаховского.",0,1,0,0,0,0
"Состоит из 190 пергаментных листов ин-фолио, имеет размеры 280×200 мм.","Состоит из 190 пергаментных листов ин-фолио, имеет размеры 280умножить на200 мм.",0,0,1,0,0,0
"∋ 9 декоративных инициалов и 27 миниатюр, изображающих сцены из Ветхого Завета, Страстей Христовых и жития Пресвятой Девы Марии, отличающиеся насыщенными красками.","содержит 9 декоративных инициалов и 27 миниатюр, изображающих сцены из Ветхого Завета, Страстей Христовых и жития Пресвятой Девы Марии, отличающиеся насыщенными красками.",0,1,0,0,0,0
"В отличие от предыдущего инструментального альбома, который в основном исполнялся оркестром, Moondog 2 ∋ вокальные композиции в канонах, раундах и мадригалах.","В отличие от предыдущего инструментального альбома, который в основном исполнялся оркестром, Moondog 2 содержит вокальные композиции в канонах, раундах и мадригалах.",0,1,0,0,0,0
"В большинстве разновидностей классического джаза ∃ соглашение, при котором в паре нот, записанных как ноты одинаковой длины, первая нота играется длиннее второй немного > чем на половину, воспринимаясь на слух как триоль, вторая нота как правило имеет небольшой акцент.","В большинстве разновидностей классического джаза существует соглашение, при котором в паре нот, записанных как ноты одинаковой длины, первая нота играется длиннее второй немного больше чем на половину, воспринимаясь на слух как триоль, вторая нота как правило имеет небольшой акцент.",0,2,0,0,0,0
"(795) Фини (лат. Fini) — небольшой астероид главного пояса, который ∈ к светлому спектральному классу C.","(795) Фини (лат. Fini) — небольшой астероид главного пояса, который принадлежит к светлому спектральному классу C.",0,1,0,0,0,0
"∃ две версии песни «Revolution»: быстрая версия для стороны «Б» сингла «Hey Jude» и медленная версия «Revolution 1», вошедшая в одноимённый альбом «Битлз».","Существует две версии песни «Revolution»: быстрая версия для стороны «Б» сингла «Hey Jude» и медленная версия «Revolution 1», вошедшая в одноимённый альбом «Битлз».",0,1,0,0,0,0
"1-я гвардейская танковая Краснознамённая армия (сокр. 1 ТА, в/ч 73621) — гвардейское оперативное ∪ в составе Вооружённых сил СССР (1943—1991) и России (1991—1999, 2014 — н. в.).","1-я гвардейская танковая Краснознамённая армия (сокр. 1 ТА, в/ч 73621) — гвардейское оперативное объединение в составе Вооружённых сил СССР (1943—1991) и России (1991—1999, 2014 — н. в.).",0,1,0,0,0,0
"Локомотивное депо Орехово — предприятие железнодорожного транспорта в Московской области, ∈ к Московской железной дороге.","Локомотивное депо Орехово — предприятие железнодорожного транспорта в Московской области, принадлежит к Московской железной дороге.",0,1,0,0,0,0
"В немецком языке «буттерброт» сохранил только прямое значение «хлеб с маслом», а для обозначения бутербродов с иными ингредиентами ∃ целый ряд других слов.","В немецком языке «буттерброт» сохранил только прямое значение «хлеб с маслом», а для обозначения бутербродов с иными ингредиентами существует целый ряд других слов.",0,1,0,0,0,0
"Всего официально ∃ 3 вида наград, остальные награды не присутствуют на сайте наград YouTube.","Всего официально существует 3 вида наград, остальные награды не присутствуют на сайте наград YouTube.",0,1,0,0,0,0
"Мужская сборная Анголы по баскетболу 3×3 представляет Анголу на международных соревнованиях по баскетболу 3×3.","Мужская сборная Анголы по баскетболу 3умножить на3 представляет Анголу на международных соревнованиях по баскетболу 3умножить на3.",0,0,1,0,0,0
"По состоянию на 21 сентября 2024, мужская сборная Анголы по баскетболу 3×3 занимает 103-е место в мировом рейтинге ФИБА мужских сборных по баскетболу 3×3.","По состоянию на 21 сентября 2024, мужская сборная Анголы по баскетболу 3умножить на3 занимает 103-е место в мировом рейтинге ФИБА мужских сборных по баскетболу 3умножить на3.",0,0,1,0,0,0
"Мужская эстафета 4×7,5 км в биатлоне на зимних Олимпийских играх 1968 года прошла 15 февраля.","Мужская эстафета 4умножить на7,5 км в биатлоне на зимних Олимпийских играх 1968 года прошла 15 февраля.",0,0,1,0,0,0
"Как и у большинства народных песен, у «Муромской дорожки…» нет единого текста: она ∃ во множестве вариантов, но все они повествуют о несчастной девушке, которой её возлюбленный пообещал «одну меня любить», но нарушил слово и женился на другой.","Как и у большинства народных песен, у «Муромской дорожки…» нет единого текста: она существует во множестве вариантов, но все они повествуют о несчастной девушке, которой её возлюбленный пообещал «одну меня любить», но нарушил слово и женился на другой.",0,1,0,0,0,0
"Тавлинцы (ед. ч. тавлинец; от тюркского слова «τ» — «гора»; досл. «горец») — в русских источниках времён Кавказской войны — название жителей Северной части горного Дагестана.","Тавлинцы (ед. ч. тавлинец; от тюркского слова «тау» — «гора»; досл. «горец») — в русских источниках времён Кавказской войны — название жителей Северной части горного Дагестана.",0,1,0,0,0,0
"∈ большой серии австрийских миноносцев типа (Tb 82 F) построенных в Фиуме и типа (Tb 98 M) построенных в Монфальконе.","Принадлежит большой серии австрийских миноносцев типа (Tb 82 F) построенных в Фиуме и типа (Tb 98 M) построенных в Монфальконе.",0,1,0,0,0,0
"«Азербайджанская община Нагорно-Карабахского региона Азербайджанской Республики» (азерб. Azərbaycan Respublikası Dağlıq Qarabağ bölgəsinin azərbaycanlı icması) — общественное ∪ в Азербайджане, заявлявшее себя как созданное в 1992 году (однако официально зарегистрированное в 2006 году) и представляющее интересы азербайджанцев, проживавших на территории Нагорного Карабаха до Первой карабахской войны и вынужденных сменить место проживания из-за конфликта.","«Азербайджанская община Нагорно-Карабахского региона Азербайджанской Республики» (азерб. Azərbaycan Respublikası Dağlıq Qarabağ bölgəsinin azərbaycanlı icması) — общественное объединение в Азербайджане, заявлявшее себя как созданное в 1992 году (однако официально зарегистрированное в 2006 году) и представляющее интересы азербайджанцев, проживавших на территории Нагорного Карабаха до Первой карабахской войны и вынужденных сменить место проживания из-за конфликта.",0,1,0,0,0,0
"Эффе́кт О́берта — в космонавтике — эффект, проявляющийся в том, что ракетный двигатель, движущийся с высокой скоростью, совершает > полезной работы, чем такой же двигатель, движущийся медленно.","Эффе́кт О́берта — в космонавтике — эффект, проявляющийся в том, что ракетный двигатель, движущийся с высокой скоростью, совершает больше полезной работы, чем такой же двигатель, движущийся медленно.",0,1,0,0,0,0
"Эффект Оберта вызывается тем, что при движении с высокой скоростью топливо имеет > энергии, доступной для использования (при скорости, превышающей половину скорости реактивной струи, кинетическая энергия может превысить потенциальную химическую энергию), и эта энергия может использоваться для получения большей механической мощности.","Эффект Оберта вызывается тем, что при движении с высокой скоростью топливо имеет больше энергии, доступной для использования (при скорости, превышающей половину скорости реактивной струи, кинетическая энергия может превысить потенциальную химическую энергию), и эта энергия может использоваться для получения большей механической мощности.",0,1,0,0,0,0
"При объяснении принципа действия многоступенчатых ракет также можно пользоваться эффектом Оберта: верхние ступени создают > кинетической энергии, чем ожидается при простом анализе по химической энергии топлива, которое они несут.","При объяснении принципа действия многоступенчатых ракет также можно пользоваться эффектом Оберта: верхние ступени создают больше кинетической энергии, чем ожидается при простом анализе по химической энергии топлива, которое они несут.",0,1,0,0,0,0
"∃ так называемый Клуб Игоря Нетто, в который входят футболисты, сыгравшие в составе сборных СССР и России более 50 матчей.","Существует так называемый Клуб Игоря Нетто, в который входят футболисты, сыгравшие в составе сборных СССР и России более 50 матчей.",0,1,0,0,0,0
"Литература на языке хинди ∈ к самым богатым и замечательным новоиндийским литературам.","Литература на языке хинди принадлежит к самым богатым и замечательным новоиндийским литературам.",0,1,0,0,0,0
"∃ мнение, что речь написана не Демосфеном, а каким-то другим древнегреческим автором.","Существует мнение, что речь написана не Демосфеном, а каким-то другим древнегреческим автором.",0,1,0,0,0,0
"Так как размеры снаряда много < преодолеваемой им дистанции, то его движение можно рассматривать как движение материальной точки по кривой,","Так как размеры снаряда много меньше преодолеваемой им дистанции, то его движение можно рассматривать как движение материальной точки по кривой,",0,1,0,0,0,0
"можно пренебречь (так как снаряд имеет симметричную форму, а ∠ атаки","можно пренебречь (так как снаряд имеет симметричную форму, а угол атаки",0,1,0,0,0,0
"Помощь пациентам с данным состоянием на текущий момент проводится симптоматически; в настоящее время не ∃ метода для коррекции неправильно функционирующих рецепторов белков к андрогенам, происходящих из-за мутаций гена AR.","Помощь пациентам с данным состоянием на текущий момент проводится симптоматически; в настоящее время не существует метода для коррекции неправильно функционирующих рецепторов белков к андрогенам, происходящих из-за мутаций гена AR.",0,1,0,0,0,0
"α Этники 1996/1997 годов (греч. Α΄ Εθνική 1996/1997) — 61-й сезон чемпионата Греции по футболу.","Альфа Этники 1996/1997 годов (греч. Α΄ Εθνική 1996/1997) — 61-й сезон чемпионата Греции по футболу.",0,1,0,0,0,0
"∃ вероятность того, что озеро полностью высохнет.","Существует вероятность того, что озеро полностью высохнет.",0,1,0,0,0,0
"Охотники, которые пытались поймать сквонка, обнаружили, что существо способно избежать пленения путём полного растворения в собственных слезах, когда его загоняют в ∠.","Охотники, которые пытались поймать сквонка, обнаружили, что существо способно избежать пленения путём полного растворения в собственных слезах, когда его загоняют в угол.",0,1,0,0,0,0
"«Пир в доме Левия» (итал. Cena a Casa di Levi) — гигантская (555×1280 см) картина итальянского художника Паоло Веронезе, написанная на холсте в 1573 году.","«Пир в доме Левия» (итал. Cena a Casa di Levi) — гигантская (555умножить на1280 см) картина итальянского художника Паоло Веронезе, написанная на холсте в 1573 году.",0,0,1,0,0,0
"∈ к серии колоссальных многофигурных полотен Веронезе, изображающих пиры с участием Христа («Брак в Кане Галилейской», две версии «Пира у Симона фарисея»).","Принадлежит к серии колоссальных многофигурных полотен Веронезе, изображающих пиры с участием Христа («Брак в Кане Галилейской», две версии «Пира у Симона фарисея»).",0,1,0,0,0,0
"Для стрельбы из QBU-88 применяются промежуточные патроны калибра 5,8×42 мм, точнее их специальный вариант с более тяжёлой пулей с бронебойным сердечником.","Для стрельбы из QBU-88 применяются промежуточные патроны калибра 5,8умножить на42 мм, точнее их специальный вариант с более тяжёлой пулей с бронебойным сердечником.",0,0,1,0,0,0
"«Щ-211» — советская дизель-электрическая торпедная подводная лодка времён Второй мировой войны, ∈ к серии X проекта Щ — «Щука».","«Щ-211» — советская дизель-электрическая торпедная подводная лодка времён Второй мировой войны, принадлежит к серии X проекта Щ — «Щука».",0,1,0,0,0,0
"NGC 467 ∈ группе галактик NGC 455, в которую входят NGC 455 и NGC 446.","NGC 467 принадлежит группе галактик NGC 455, в которую входят NGC 455 и NGC 446.",0,1,0,0,0,0
"3-й (германский) танковый корпус СС (нем. III. (germanisches) SS-Panzerkorps) — оперативно-тактическое ∪ войск СС нацистской Германии периода Второй мировой войны.","3-й (германский) танковый корпус СС (нем. III. (germanisches) SS-Panzerkorps) — оперативно-тактическое объединение войск СС нацистской Германии периода Второй мировой войны.",0,1,0,0,0,0
"∃ много различных гипотез о происхождении гагаузов.","Существует много различных гипотез о происхождении гагаузов.",0,1,0,0,0,0
"У MARINA ∃ полный аналог для телефонных сетей – MAINWAY.","У MARINA существует полный аналог для телефонных сетей – MAINWAY.",0,1,0,0,0,0
"Параллакс Солнца, суточный параллакс Солнца (π☉) — горизонтальный экваториальный параллакс Солнца, ∠, под которым со среднего расстояния Солнца виден экваториальный радиус Земли.","Параллакс Солнца, суточный параллакс Солнца (π☉) — горизонтальный экваториальный параллакс Солнца, угол, под которым со среднего расстояния Солнца виден экваториальный радиус Земли.",0,1,0,0,0,0
"В Цзяннани расположена Δ Янцзы.","В Цзяннани расположена дельта Янцзы.",0,1,0,0,0,0
"В коммуне находятся четыре церкви, два прихода и скит, который ∈ монастырю Секу в коммуне Пипириг в жудеце Нямц.","В коммуне находятся четыре церкви, два прихода и скит, который принадлежит монастырю Секу в коммуне Пипириг в жудеце Нямц.",0,1,0,0,0,0
"5-α-редуктаза — фермент человека, участвующий в стероидогенезе.","5-альфа-редуктаза — фермент человека, участвующий в стероидогенезе.",0,1,0,0,0,0
"«∃» (англ. Exists) — американский фильм ужасов снятый в стиле «найденной плёнки» режиссёра Эдуардо Санчеса.","«Существует» (англ. Exists) — американский фильм ужасов снятый в стиле «найденной плёнки» режиссёра Эдуардо Санчеса.",0,1,0,0,0,0
"«∃» стал вторым фильмом режиссёра снятым в стиле «найденной плёнки» со времён его работы над «Ведьмой из Блэр» (1999).","«Существует» стал вторым фильмом режиссёра снятым в стиле «найденной плёнки» со времён его работы над «Ведьмой из Блэр» (1999).",0,1,0,0,0,0
"Если чай является контролируемым по происхождению (моноплантационным), то есть не смешан с урожаев нескольких плантаций, название сорта такого чая обычно ∋ название плантации.","Если чай является контролируемым по происхождению (моноплантационным), то есть не смешан с урожаев нескольких плантаций, название сорта такого чая обычно содержит название плантации.",0,1,0,0,0,0
"Официально зарегистрированных чайных плантаций только в Дарджилинге ∃ 87, а по всей Индии — 1655.","Официально зарегистрированных чайных плантаций только в Дарджилинге существует 87, а по всей Индии — 1655.",0,1,0,0,0,0
"Отдельная общевойсковая армия (азерб. Əlahiddə Ümumqoşun Ordusu) — отдельное войсковое ∪ Сухопутных войск Азербайджана, дислоцированное на территории Нахичеванской Автономной Республики — эксклава Азербайджанской Республики.","Отдельная общевойсковая армия (азерб. Əlahiddə Ümumqoşun Ordusu) — отдельное войсковое объединение Сухопутных войск Азербайджана, дислоцированное на территории Нахичеванской Автономной Республики — эксклава Азербайджанской Республики.",0,1,0,0,0,0
"(2063) Бахус (лат. Bacchus) — околоземный астероид из группы аполлонов, который имеет размеры 1,1×1,1×2,6 км и двухлопастную форму.","(2063) Бахус (лат. Bacchus) — околоземный астероид из группы аполлонов, который имеет размеры 1,1умножить на1,1умножить на2,6 км и двухлопастную форму.",0,0,1,0,0,0
"В Трансильвании ∃ также выпечка кюртёшкалач.","В Трансильвании существует также выпечка кюртёшкалач.",0,1,0,0,0,0
"20 × 102 мм — патрон, разработанный в США , а затем нашедший применение в системах авиационного вооружения M621, M61 Vulcan, M197 electric, cannon M39.","20 умножить на 102 мм — патрон, разработанный в США , а затем нашедший применение в системах авиационного вооружения M621, M61 Vulcan, M197 electric, cannon M39.",0,0,1,0,0,0
"Задача поиска изоморфного подграфа — это вычислительная задача, в которой входом являются два графа G и H и нужно определить, не ∋ ли G подграф, изоморфный графу H.","Задача поиска изоморфного подграфа — это вычислительная задача, в которой входом являются два графа G и H и нужно определить, не содержит ли G подграф, изоморфный графу H.",0,1,0,0,0,0
"Задача поиска изоморфного подграфа является обобщением как задачи о максимальной клике, так и задачи о проверке, не ∋ ли граф гамильтонов цикл, а потому является NP-полной.","Задача поиска изоморфного подграфа является обобщением как задачи о максимальной клике, так и задачи о проверке, не содержит ли граф гамильтонов цикл, а потому является NP-полной.",0,1,0,0,0,0
"Фомальга́ут (α Южной Рыбы /α PsA) — самая яркая звезда в созвездии Южной Рыбы и одна из самых ярких звёзд на ночном небе.","Фомальга́ут (альфа Южной Рыбы /α PsA) — самая яркая звезда в созвездии Южной Рыбы и одна из самых ярких звёзд на ночном небе.",0,1,0,0,0,0
"Спирея Вангутта (лат. Spiraea ×vanhouttei) — листопадный декоративный кустарник семейства Розовые (Rosaceae).","Спирея Вангутта (лат. Spiraea умножить наvanhouttei) — листопадный декоративный кустарник семейства Розовые (Rosaceae).",0,0,1,0,0,0
"СМАРТС — инновационная инфраструктурная компания, создающая телекоммуникационные и IT-ресурсы ∀ существующих и перспективных услуг связи.","СМАРТС — инновационная инфраструктурная компания, создающая телекоммуникационные и IT-ресурсы для всех существующих и перспективных услуг связи.",0,0,0,1,0,0
"Деятельность компании направлена на создание защищённой телекоммуникационной автодорожной инфраструктуры, которая включает в себя три составляющих: прокладку волоконно-оптических линий связи (далее — ВОЛС) вдоль дорог, разработку программно-аппаратного комплекса защиты линий связи посредством шифрования с использованием технологии квантового распределения ключей и ∪ с его помощью ЦОДов в единую, географически распределённую доверенную инфраструктуру.","Деятельность компании направлена на создание защищённой телекоммуникационной автодорожной инфраструктуры, которая включает в себя три составляющих: прокладку волоконно-оптических линий связи (далее — ВОЛС) вдоль дорог, разработку программно-аппаратного комплекса защиты линий связи посредством шифрования с использованием технологии квантового распределения ключей и объединение с его помощью ЦОДов в единую, географически распределённую доверенную инфраструктуру.",0,1,0,0,0,0
"Эпифрагма ∋ карбонат кальция и образована специальными выделениями, затвердевающими на воздухе.","Эпифрагма содержит карбонат кальция и образована специальными выделениями, затвердевающими на воздухе.",0,1,0,0,0,0
"∃ 42 вида бородаток, от типового рода Либии (Lybius), обитающих в лесах, до медников (Pogoniulus), живущих как в лесах, так и кустарниковых степях.","Существует 42 вида бородаток, от типового рода Либии (Lybius), обитающих в лесах, до медников (Pogoniulus), живущих как в лесах, так и кустарниковых степях.",0,1,0,0,0,0
"∋ военно-теоретические, военно-исторические, военно-технические, военно-географические и биографические статьи, дополненные иллюстрациями, картами, схемами, рисунками, чертежами, фотографиями и репродукциями.","Содержит военно-теоретические, военно-исторические, военно-технические, военно-географические и биографические статьи, дополненные иллюстрациями, картами, схемами, рисунками, чертежами, фотографиями и репродукциями.",0,1,0,0,0,0
"Знак ∃ в двух цветовых вариантах — бронзовая и серебряная звёзды, и в двух размерных вариантах — звёзды диаметром 3/16 дюйма (около 4,8 мм) и диаметром 1/8 дюйма (около 3 мм).","Знак существует в двух цветовых вариантах — бронзовая и серебряная звёзды, и в двух размерных вариантах — звёзды диаметром 3/16 дюйма (около 4,8 мм) и диаметром 1/8 дюйма (около 3 мм).",0,1,0,0,0,0
"Эмакимоно «Тёдзюгига» — «Весёлые картинки из жизни животных» — необычен в своём роде: он не ∋ текста, только изображения.","Эмакимоно «Тёдзюгига» — «Весёлые картинки из жизни животных» — необычен в своём роде: он не содержит текста, только изображения.",0,1,0,0,0,0
"Немецкое общественно-культурное ∪ во Вроцлаве (НОКО) (нем. Deutsche Sozial-Kulturelle Gesellschaft in Breslau, DSKG; пол. Niemieckie Towarzystwo Kulturalno-Społeczne we Wrocławiu, NTKS) — ∪ немецкого меньшинства в Нижесилезском воеводстве во Вроцлаве.","Немецкое общественно-культурное объединение во Вроцлаве (НОКО) (нем. Deutsche Sozial-Kulturelle Gesellschaft in Breslau, DSKG; пол. Niemieckie Towarzystwo Kulturalno-Społeczne we Wrocławiu, NTKS) — объединение немецкого меньшинства в Нижесилезском воеводстве во Вроцлаве.",0,2,0,0,0,0
"Пластинка > компиляция синглов, выпущенных на протяжении двух лет, чем специально запланированный альбом.","Пластинка больше компиляция синглов, выпущенных на протяжении двух лет, чем специально запланированный альбом.",0,1,0,0,0,0
"∋ разнообразную информацию о ветеринарии, включая сведения про эпизоотологию и инфекционные болезни, паразитологию и инвазионные болезни, внутренние незаразные болезни животных, о хирургии, акушерстве, патологии, анатомии и физиологии животных, по микробиологии включая вирусологию; сведения о фармакологии, зоогигиене, ветеринарно-санитарной экспертизе, ветеринарной санитарии, и о проблемах организации ветеринарного дела в целом.","Содержит разнообразную информацию о ветеринарии, включая сведения про эпизоотологию и инфекционные болезни, паразитологию и инвазионные болезни, внутренние незаразные болезни животных, о хирургии, акушерстве, патологии, анатомии и физиологии животных, по микробиологии включая вирусологию; сведения о фармакологии, зоогигиене, ветеринарно-санитарной экспертизе, ветеринарной санитарии, и о проблемах организации ветеринарного дела в целом.",0,1,0,0,0,0
"Календарь святых Церкви Англии ∋ дни памяти многих святых из литургического календаря Римско-католической церкви и дни памяти разных известных христиан, большей частью живших после Реформации и имевших английское происхождение.","Календарь святых Церкви Англии содержит дни памяти многих святых из литургического календаря Римско-католической церкви и дни памяти разных известных христиан, большей частью живших после Реформации и имевших английское происхождение.",0,1,0,0,0,0
"Р-2 стала дальнейшим развитием технологий, заложенных в А-4 с добавлением идей советских конструкторов: Р-2 была >, имела ряд конструктивных отличий, среди которых самым заметным было использование топливного бака в качестве несущего элемента конструкции.","Р-2 стала дальнейшим развитием технологий, заложенных в А-4 с добавлением идей советских конструкторов: Р-2 была больше, имела ряд конструктивных отличий, среди которых самым заметным было использование топливного бака в качестве несущего элемента конструкции.",0,1,0,0,0,0
"E-flat tuning (рус. Строй Μ бемоль) — гитарный строй, который происходит от исторически всеми применяемого «испанского строя» (E-B-G-D-A-E) и заключающийся в понижении каждой струны на гитаре с данным строем на полутон, что превращает классическую настройку в настройку с нотами E♭-B♭-G♭-D♭-A♭-E♭ (или же по-другому D#-A#-F#-C#-G#-D#).","E-flat tuning (рус. Строй Ми бемоль) — гитарный строй, который происходит от исторически всеми применяемого «испанского строя» (E-B-G-D-A-E) и заключающийся в понижении каждой струны на гитаре с данным строем на полутон, что превращает классическую настройку в настройку с нотами E♭-B♭-G♭-D♭-A♭-E♭ (или же по-другому D#-A#-F#-C#-G#-D#).",0,1,0,0,0,0
"∈ к числу древнейших славянских поселений.","Принадлежит к числу древнейших славянских поселений.",0,1,0,0,0,0
"β Резца (лат. β Caeli) — звезда в южном созвездии Резца.","Бета Резца (лат. β Caeli) — звезда в южном созвездии Резца.",0,1,0,0,0,0
"«Венские мастерские» (нем. Wiener Werkstätte) — ∪ архитекторов, художников, ремесленников и коммерсантов, основанное в 1903 году в Вене художниками группы Сецессион Йозефом Хоффманом и Коломаном Мозером при участии состоятельного банкира Фрица Верндорфера.","«Венские мастерские» (нем. Wiener Werkstätte) — объединение архитекторов, художников, ремесленников и коммерсантов, основанное в 1903 году в Вене художниками группы Сецессион Йозефом Хоффманом и Коломаном Мозером при участии состоятельного банкира Фрица Верндорфера.",0,1,0,0,0,0
"Ва сёги (яп. 和将棋 ва:сё:ги, «спокойные шахматы») — вариант сёги на доске 11×11, все фигуры в котором названы в честь животных.","Ва сёги (яп. 和将棋 ва:сё:ги, «спокойные шахматы») — вариант сёги на доске 11умножить на11, все фигуры в котором названы в честь животных.",0,0,1,0,0,0
"Филосо́фский коммунитари́зм — течение, считающее, что общины, общество формируют каждого отдельного человека, в отличие от либеральной и либертарианской философий, рассматривающих общины как ∪ личностей.","Филосо́фский коммунитари́зм — течение, считающее, что общины, общество формируют каждого отдельного человека, в отличие от либеральной и либертарианской философий, рассматривающих общины как объединение личностей.",0,1,0,0,0,0
"Астра ивовая, также симфио́трихум ивовый, американская астра ивовая (лат. Symphyótrichum ×salígnum), — многолетнее травянистое растение, входящее в род Симфиотрихум семейства Сложноцветные (Compositae).","Астра ивовая, также симфио́трихум ивовый, американская астра ивовая (лат. Symphyótrichum умножить наsalígnum), — многолетнее травянистое растение, входящее в род Симфиотрихум семейства Сложноцветные (Compositae).",0,0,1,0,0,0
"Мост Веррацано ∈ городской администрации Нью-Йорка и находится под управлением компании «Triborough Bridge and Tunnel Authority» — агентства, аффилированного с «Metropolitan Transportation Authority».","Мост Веррацано принадлежит городской администрации Нью-Йорка и находится под управлением компании «Triborough Bridge and Tunnel Authority» — агентства, аффилированного с «Metropolitan Transportation Authority».",0,1,0,0,0,0
"Список дипломатических миссий Израиля — ∋ 77 представительств в ранге посольств, 20 — на уровне консульств и 5 «специальных миссий» в 163 государствах, признающих Израиль.","Список дипломатических миссий Израиля — содержит 77 представительств в ранге посольств, 20 — на уровне консульств и 5 «специальных миссий» в 163 государствах, признающих Израиль.",0,1,0,0,0,0
"Английский язык ∈ к языкам международного общения в Украине наряду с государственным языком.","Английский язык принадлежит к языкам международного общения в Украине наряду с государственным языком.",0,1,0,0,0,0
"Размеры Бучинской иконы Богородицы — 65×80 см.","Размеры Бучинской иконы Богородицы — 65умножить на80 см.",0,0,1,0,0,0
"Победу на турнире разделили команды Уэльса и Ирландии (хотя разница очков у Уэльса была >, чем у Ирландии).","Победу на турнире разделили команды Уэльса и Ирландии (хотя разница очков у Уэльса была больше, чем у Ирландии).",0,1,0,0,0,0
"23 мая 2008 года суд постановил, что Педра-Бранка находится под суверенитетом Сингапура, а Мидл-Рокс ∈ Малайзии.","23 мая 2008 года суд постановил, что Педра-Бранка находится под суверенитетом Сингапура, а Мидл-Рокс принадлежит Малайзии.",0,1,0,0,0,0
"Блюму ∈ опера «Амарапура» (1926, на либретто возглавлявшего в это время Цюрихский оперный театр Эгона Нойдегга), восемь симфоний, оркестровые сюиты, многочисленные сочинения для духового оркестра.","Блюму принадлежит опера «Амарапура» (1926, на либретто возглавлявшего в это время Цюрихский оперный театр Эгона Нойдегга), восемь симфоний, оркестровые сюиты, многочисленные сочинения для духового оркестра.",0,1,0,0,0,0
"7,5×54 мм MAS (7.5 French) — французский винтовочный патрон, разработанный в 1929 году.","7,5умножить на54 мм MAS (7.5 French) — французский винтовочный патрон, разработанный в 1929 году.",0,0,1,0,0,0
"Остров ∈ норвежской Рабочей молодёжной лиге, молодёжной организации Рабочей партии, которая устраивает на нём летний лагерь.","Остров принадлежит норвежской Рабочей молодёжной лиге, молодёжной организации Рабочей партии, которая устраивает на нём летний лагерь.",0,1,0,0,0,0
"На многих Alpha-системах, например, Digital Personal Workstation, в ЭСППЗУ, которое ∋ загрузочную микропрограмму, могли быть записаны как SRM, так и ARC.","На многих Alpha-системах, например, Digital Personal Workstation, в ЭСППЗУ, которое содержит загрузочную микропрограмму, могли быть записаны как SRM, так и ARC.",0,1,0,0,0,0
"TAR-21 (англ. Tavor Assault Rifle-21 — штурмовая винтовка «Тавор» XXI века) или «Таво́р» (ивр. תבור‎) — модель современного израильского автомата калибра 5,56×45 мм, выпускаемого концерном Israel Weapon Industries.","TAR-21 (англ. Tavor Assault Rifle-21 — штурмовая винтовка «Тавор» XXI века) или «Таво́р» (ивр. תבור‎) — модель современного израильского автомата калибра 5,56умножить на45 мм, выпускаемого концерном Israel Weapon Industries.",0,0,1,0,0,0
"Цели в области устойчивого развития (ЦУР) (англ. Sustainable Development Goals (SDGs)) — набор из 17 взаимосвязанных целей, разработанных в 2015 году Генеральной ассамблеей ООН в качестве «плана достижения лучшего и более устойчивого будущего ∀».","Цели в области устойчивого развития (ЦУР) (англ. Sustainable Development Goals (SDGs)) — набор из 17 взаимосвязанных целей, разработанных в 2015 году Генеральной ассамблеей ООН в качестве «плана достижения лучшего и более устойчивого будущего для всех».",0,0,0,1,0,0
"∃ мнение, что икра не должна подаваться с металлической ложкой, потому что металл может придать нежелательный вкус.","Существует мнение, что икра не должна подаваться с металлической ложкой, потому что металл может придать нежелательный вкус.",0,1,0,0,0,0
"Данный список ∋ краткое описание всех сезонов, сыгранных футбольным клубом «Челси» с 1905 года (когда клуб был избран в Футбольную лигу во Второй дивизион и принял участие в розыгрыше Кубка Англии) по настоящее время.","Данный список содержит краткое описание всех сезонов, сыгранных футбольным клубом «Челси» с 1905 года (когда клуб был избран в Футбольную лигу во Второй дивизион и принял участие в розыгрыше Кубка Англии) по настоящее время.",0,1,0,0,0,0
"Использовался ∀ процессоров Intel Core (Solo и Duo), а также для ранних мобильных версий Core 2, для Celeron M серий 4xx и 5xx, для мобильных Pentium Dual-Core и для Xeon LV и ULV c ядром Sossaman.","Использовался для всех процессоров Intel Core (Solo и Duo), а также для ранних мобильных версий Core 2, для Celeron M серий 4xx и 5xx, для мобильных Pentium Dual-Core и для Xeon LV и ULV c ядром Sossaman.",0,0,0,1,0,0
"∃ попытка библиографии, где собрано 547 произведений драматургической формы, имеющих элементы фантастического.","Существует попытка библиографии, где собрано 547 произведений драматургической формы, имеющих элементы фантастического.",0,1,0,0,0,0
"9×17 мм (обозначение в США — .380 ACP (от Automatic Colt Pistol), см. также Иные обозначения) — пистолетный унитарный патрон центрального воспламенения с бесфланцевой гильзой цилиндрической формы, разработанный Джоном Браунингом в 1908 году для фирмы Colt на основе патрона 9×20 мм SR Browning Long.","9умножить на17 мм (обозначение в США — .380 ACP (от Automatic Colt Pistol), см. также Иные обозначения) — пистолетный унитарный патрон центрального воспламенения с бесфланцевой гильзой цилиндрической формы, разработанный Джоном Браунингом в 1908 году для фирмы Colt на основе патрона 9умножить на20 мм SR Browning Long.",0,0,1,0,0,0
"Альбом ∋ перезаписаную версию песни «Knuckleduster» из мини-альбома Trashed, Lost & Strungout 2004 года.","Альбом содержит перезаписаную версию песни «Knuckleduster» из мини-альбома Trashed, Lost & Strungout 2004 года.",0,1,0,0,0,0
"Некоторые македонские слова с буквой Ќ взгляду русскоязычного читателя кажутся очень странными, так как в русском языке на её месте часто присутствует Т, Ч или Щ, а ничего похожего на К нет: браќа — братья, зафаќа — занимает (захватывает), Ивановиќ — Иванович, бидејќи — будучи, среќаваме — встречаем, веќе — > (вяще) и т. п.","Некоторые македонские слова с буквой Ќ взгляду русскоязычного читателя кажутся очень странными, так как в русском языке на её месте часто присутствует Т, Ч или Щ, а ничего похожего на К нет: браќа — братья, зафаќа — занимает (захватывает), Ивановиќ — Иванович, бидејќи — будучи, среќаваме — встречаем, веќе — больше (вяще) и т. п.",0,1,0,0,0,0
"Со временем Робинсон стал уделять < времени киберспортивной карьере, и > — карьере комментатора.","Со временем Робинсон стал уделять меньше времени киберспортивной карьере, и больше — карьере комментатора.",0,2,0,0,0,0
"Цель создания ПИФа — получение прибыли на объединённые в фонд активы и распределение полученной прибыли между инвесторами (пайщиками) ∝ количеству паёв.","Цель создания ПИФа — получение прибыли на объединённые в фонд активы и распределение полученной прибыли между инвесторами (пайщиками) пропорционально количеству паёв.",0,1,0,0,0,0
"Авиакатастрофа Μ-8 рядом с селом Лата — уничтожение вертолёта Μ-8 российских ВВС 14 декабря 1992 года во время грузино-абхазской войны 1992-93 годов, при совершения гуманитарного рейса из осажденного абхазского города Ткварчели (ныне Ткуарчал) в Гудауту.","Авиакатастрофа Ми-8 рядом с селом Лата — уничтожение вертолёта Ми-8 российских ВВС 14 декабря 1992 года во время грузино-абхазской войны 1992-93 годов, при совершения гуманитарного рейса из осажденного абхазского города Ткварчели (ныне Ткуарчал) в Гудауту.",0,2,0,0,0,0
"Древнейший письменный источник русского права; ∋ нормы закона Русского.","Древнейший письменный источник русского права; содержит нормы закона Русского.",0,1,0,0,0,0
"Микроинтервал (нем. Mikrointervall, фр. micro-intervalle, англ. microinterval) — общее обозначение музыкальных интервалов < полутона (четвертитон, трететон, шестинатон и т. д.).","Микроинтервал (нем. Mikrointervall, фр. micro-intervalle, англ. microinterval) — общее обозначение музыкальных интервалов меньше полутона (четвертитон, трететон, шестинатон и т. д.).",0,1,0,0,0,0
"ρ Лавениа Ратумаимури (англ. Ro Lavenia Ratumaimuri, 13 мая 1998) — фиджийская хоккеистка (хоккей на траве), вратарь.","Ро Лавениа Ратумаимури (англ. Ro Lavenia Ratumaimuri, 13 мая 1998) — фиджийская хоккеистка (хоккей на траве), вратарь.",0,1,0,0,0,0
"Календарь из Гезера — известняковая табличка (11.1×7,2 см), найденная в 1908 году Робертом Макалистером при раскопках Тель-Гезера.","Календарь из Гезера — известняковая табличка (11.1умножить на7,2 см), найденная в 1908 году Робертом Макалистером при раскопках Тель-Гезера.",0,0,1,0,0,0
"Майлар (англ. Mylar; также BoPET (Biaxially-oriented polyethylene terephthalate), Melinex, Hostaphan) — ® компании DuPont для плёнки на основе синтетического полиэфирного волокна (полиэтилентерефталата, в России называемого лавсан).","Майлар (англ. Mylar; также BoPET (Biaxially-oriented polyethylene terephthalate), Melinex, Hostaphan) — торговая марка компании DuPont для плёнки на основе синтетического полиэфирного волокна (полиэтилентерефталата, в России называемого лавсан).",0,0,0,1,0,0
