"м","2257"
"Гн","495"
"с","231"
"л","59"
"г","83"
"°","132"
"см","80"
"мм","71"
"кг","106"
"мкг","2"
"км","926"
"Н","91"
"Па","30"
"Б","16"
"К","11"
"нм","4"
"А","5"
"кВт","7"
"ГБ","6"
"мкм","3"
"дал","3"
"Гц","31"
"кБ","4"
"МБ","3"
"Вт","4"
"гл","4"
"кд","2"
"Кл","2"
"Дж","2"
"кГц","1"
"мл","1"
"МВт","1"
"ГГц","1"
"МГц","2"
"фс","1"
"мс","1"
"Зв","1"
"пФ","1"
"пг","1"
"мг","1"
"мкс","2"
"мкЗв","1"
"кДж","1"
"МПа","1"
"м","2257"
"Гн","495"
"с","231"
"л","59"
"г","83"
"°","132"
"см","80"
"мм","71"
"кг","106"
"мкг","2"
"км","926"
"Н","91"
"Па","30"
"Б","16"
"К","11"
"нм","4"
"А","5"
"кВт","7"
"ГБ","6"
"мкм","3"
"дал","3"
"Гц","31"
"кБ","4"
"МБ","3"
"Вт","4"
"гл","4"
"кд","2"
"Кл","2"
"Дж","2"
"кГц","1"
"мл","1"
"МВт","1"
"ГГц","1"
"МГц","2"
"фс","1"
"мс","1"
"Зв","1"
"пФ","1"
"пг","1"
"мг","1"
"мкс","2"
"мкЗв","1"
"кДж","1"
"МПа","1"
"м","2257"
"Гн","495"
"с","231"
"л","59"
"г","83"
"°","132"
"см","80"
"мм","71"
"кг","106"
"мкг","2"
"км","926"
"Н","91"
"Па","30"
"Б","16"
"К","11"
"нм","4"
"А","5"
"кВт","7"
"ГБ","6"
"мкм","3"
"дал","3"
"Гц","31"
"кБ","4"
"МБ","3"
"Вт","4"
"гл","4"
"кд","2"
"Кл","2"
"Дж","2"
"кГц","1"
"мл","1"
"МВт","1"
"ГГц","1"
"МГц","2"
"фс","1"
"мс","1"
"Зв","1"
"пФ","1"
"пг","1"
"мг","1"
"мкс","2"
"мкЗв","1"
"кДж","1"
"МПа","1"
"м","1323"
"км","570"
"Гн","348"
"с","167"
"°","75"
"л","73"
"см","54"
"кг","50"
"мм","35"
"г","44"
"Па","10"
"Н","19"
"Кл","8"
"К","9"
"Гц","5"
"мг","4"
"Б","4"
"мс","3"
"мкм","5"
"Вт","3"
"нг","2"
"нс","1"
"ТБ","1"
"МБ","1"
"ГБ","1"
"гл","9"
"кВт","2"
"А","1"
"кБ","5"
"МДж","1"
"Ф","1"
"мкс","2"
"МВт","1"
"ГГц","1"
